"id","title","body","created_at","updated_at"
"4118","macでアプリケーションの強制終了","<a href=""http://www.flickr.com/photos/komagata/3533230564/"" title=""アプリケーションの強制終了 by komagata, on Flickr""><img src=""http://farm4.static.flickr.com/3342/3533230564_44f915993a_o.png"" width=""371"" height=""315"" alt=""アプリケーションの強制終了"" /></a>

option ＋ command ＋ esc でアプリケーションの強制終了できたのか〜。いちいちkillしてて面倒だと思ってたんだよ！","2009-05-15 16:57:00","2009-05-15 17:42:56"
"4117","俺のブログより","<a href=""http://www.moongift.jp/2009/05/potage/"">MOONGIFT: » とにかくシンプルなブログエンジンが良い方は「Potage」:オープンソースを毎日紹介</a>

うわっ、こっちの方がいいじゃん・・・。","2009-05-14 01:41:00","2009-05-14 01:42:19"
"4116","テストしないと病院で栄養食たべるはめになる","自戒の意味を込めて。

<a href=""http://www.flickr.com/photos/komagata/3524383859/"" title=""kent-beck by komagata, on Flickr""><img src=""http://farm4.static.flickr.com/3633/3524383859_4414eb3315_o.png"" width=""264"" height=""300"" alt=""kent-beck"" /></a>","2009-05-13 13:11:00","2009-05-13 13:12:22"
"4106","ニコニコ動画おすすめ動画集","ニコニコ動画をよく見るというと、「手っ取り早く面白い動画を教えてほしい」ということをよく言われるのでおすすめ動画を並べておきます。

※おすすめマイリストを用意して逐次追加していくことにしました。

<iframe width=""312"" height=""176"" src=""http://ext.nicovideo.jp/thumb_mylist/12413084"" scrolling=""no"" style=""border:solid 1px #CCC;"" frameborder=""0""><a href=""http://www.nicovideo.jp/mylist/12413084"">【ニコニコ動画】おすすめ動画</a></iframe>","2009-04-29 01:25:00","2009-05-11 14:46:47"
"4115","いやな法則++","参照：<a href=""http://0xcc.net/misc/nasty-laws.html"">いやな法則</a>

*生産性*

* 前任者のコードは思っているほど汚くない。
* テストコードがたまった頃にもっと良いテストスイーツがでる。
* フレームワークのバージョンアップはうまく行かない。

*勉強*

* 習得に苦労した知識に固執する。
* 副業だけ評価される。
* 無駄な知識ほどのめりこむ。
* 軽視していた知識が評価される。

*決断*

* MSオフィス購入数はエンジニアが決めると失敗する。","2009-05-09 23:05:00","2009-05-09 23:18:56"
"4114","大量の本管理ソリューションのご提案","本の整理に関して一番ネックだったのが、

「読んだ事のある本の管理」

です。（持ってない物も含むので蔵書じゃない）

せっかく読んだんだから記録しておきたいんだけど、レビュー登録とか面倒。兎に角大量にあるし。

そこで今回試してみてとても良かったのが、<strong>皆様のどのご家庭にも一つは必ずある</strong>、<a href=""http://www.amazon.co.jp/exec/obidos/ASIN/B000923I4E/p0t-22"">USBバーコードリーダー</a>です。

<table><tr><td><a href=""http://www.amazon.co.jp/exec/obidos/ASIN/B000923I4E/p0t-22""><img src=""http://ecx.images-amazon.com/images/I/41DF0JHTRBL._SL160_.jpg"" width=""160"" height=""89"" alt=""エフケイシステム CCDバーコードリーダー USBインターフェイス TSK-U"" title=""エフケイシステム CCDバーコードリーダー USBインターフェイス TSK-U"" border=""0""/></a></td><td><ul><li><a href=""http://www.amazon.co.jp/exec/obidos/ASIN/B000923I4E/p0t-22"">エフケイシステム CCDバーコードリーダー USBインターフェイス TSK-U</a></li><li>レイ・アウト</li><li>レイ・アウト</li><li>定価：</li><li>新品価格：￥ 6,300</li><li>ASIN：B000923I4E</li></ul></td></tr></table>

USBバーコードリーダーはUSBキーボードとして認識され（MacもOK）、光を当てて読み取ると、ISBNそのままの文字列＋改行コード（¥r¥n）をキーボードから入力したのと同じになります。

つまり、Excelか何かを開いてピッピ、ピッピと読み取って行くとISBNコードの一覧ファイルが出来上がります。（改行コード入るのでエンター押す手間も無し）

<a href=""http://www.flickr.com/photos/komagata/3507254907/"" title=""book.csv - OpenOffice.org Calc by komagata, on Flickr""><img src=""http://farm4.static.flickr.com/3608/3507254907_d7556061df_o.png"" width=""264"" height=""276"" alt=""book.csv - OpenOffice.org Calc"" /></a>

兎に角ピッピと読み取りながら本をダンボールに詰めていきます。

これはもはや本屋の棚卸しに匹敵するほどのこれ以上ないスピード効率であると言えるでしょう。

勘の良いプログラマー諸氏のこと、この行志向ファイルがヘテロジーニアスな蔵書管理界で最もシンプルで信頼出来るフォーマットであることにはお気付きでしょう。

これと<a href=""http://www.goodreads.com/"">Goodreads</a>などの蔵書管理サービスAPIやISBN10-ISBN13相互変換ライブラリなどを組み合わせることで、このソリューションの安定性とスピードは全盛期のシューマッハを超えると言われています。

※下記がこのソリューションが解決する問題です。

参照：<a href=""http://docs.komagata.org/4113"">本棚オーバーフロー問題 - p0t</a>","2009-05-07 01:35:00","2009-05-07 02:05:05"
"4113","本棚オーバーフロー問題","<blockquote><a href=""http://chalow.net/2009-04-28-5.html"">[を] 本を捨てて図書館で借りよう！</a>

借りれば良い、ってのを飛躍させると「本を捨てて図書館で借りよう！」になるな。
この、「本を捨てて図書館で借りよう！」というのは
「コード片のコピペはやめてライブラリを使おう！」ってのと似ているね。
そもそもライブラリ＝図書館、だしね。</blockquote>

男でも引くぐらい部屋が深刻に狭い俺としてもこの問題にはがんばって取り組んでいます。

<blockquote><a href=""http://docs.komagata.org/1987"">本の整理術 - p0t</a>

「読んでない本を、残す。」</blockquote>

「４半期に１度読み終わった本は全て売る。」

これは一応機能しているんですが、４半期に１度、“全身に鞄を身につけブックオフを３往復する”のが余りにも辛い。（かなりブックオフ近いんだけど）

そこで、<a href=""http://www.bookoffonline.co.jp/files/embed/SellTop.html?cid=boc014"">ブックオフの宅本便</a>（家に買い取りに来てくれる）を試してみたらとても便利でした。

ダンボールに本詰めておくと取りに来てくれます。（ダンボールの販売もしているので同時に次の四半期分のダンボールを買うと良い）

それを記憶しておくのは無理なので、Googleカレンダーに３ヶ月毎の予定で宅配本の申し込み予定を入れる。来る前日に本を箱に詰めるという予定も入れておく。

これで本の事をさっぱり忘れても大丈夫。

※大量の本の箱詰めに対するソリューションは下記へ。

参照：<a href=""http://docs.komagata.org/4114"">大量の本管理ソリューションのご提案 - p0t</a>","2009-05-07 01:15:00","2009-05-07 02:02:31"
"4112","ネガはやめておけといっているサル","<blockquote><a href=""http://blog.livedoor.jp/tabbata/archives/50682491.html"">TABLOG:ブロガーと、コメント欄：　「ネガコメもブログの賑わい」 - livedoor Blog（ブログ）</a>

僕は、コメント欄にネガコメが来ても、割と、全然平気なんですが、世の中のブロガーは、そうでもない人も多いみたいですね。

ネガコメが、気になるブロガーの方には、下記の村上春樹の発言を紹介したいですね。

----------

結論から言うと、僕は自分に関する評論は一切読みません。

〜中略〜

小説家には好きに本を書く権利があるし、批評家には好きに批評をする権利があります。

ただし小説家の便利なところは「批評家はテキストを読まなくてはならない（たぶん）けれど、小説家は批評を読む義務はない。」ということですね。</blockquote>

僕も、コメント欄にネガコメが来ても、割と、全然平気なんですが、世の中のブロガーは、そうでもない人も多いみたいですね。

ネガコメが、気になるブロガーの方には、下記のブロントさんの発言を紹介したいですね。

<blockquote><a href=""http://www7.atwiki.jp/buront/pages/66.html"">ブロント様言行録 - とうとう侍までもがﾈｶﾞｷｬﾝ工作に参戦してきたか</a>

侍のネガは侍７５のおれからみていい加減にむかついた・・
（略）
ネガはやめておけといっているサル
（略）
おっととグーの音も出ないくらいに凹ませてしまった感
（略）
結論ネガうざすぎ</blockquote>

要するに、<a href=""http://www.geocities.jp/burontosan/right.html#9"">黄金の鉄の塊で出来ているナイトが皮装備のｼﾞｮﾌﾞに遅れをとるはずは無い</a>が、その逆は無いということです。ナイトと忍者の関係性も同じじゃないでしょうか。","2009-05-07 00:10:00","2009-05-07 00:27:54"
"4111","macでmkpasswd","portsにpwgenというのがあるそうです。

<pre><code>sudo port install pwgen</code></pre>

<pre><code>pwgen -h 
Usage: pwgen [ OPTIONS ] [ pw_length ] [ num_pw ]

Options supported by pwgen:
  -c or --capitalize
        Include at least one capital letter in the password
  -A or --no-capitalize
        Don't include capital letters in the password
  -n or --numerals
        Include at least one number in the password
  -0 or --no-numerals
        Don't include numbers in the password
  -y or --symbols
        Include at least one special symbol in the password
  -s or --secure
        Generate completely random passwords
  -B or --ambiguous
        Don't include ambiguous characters in the password
  -h or --help
        Print a help message
  -H or --sha1=path/to/file[#seed]
        Use sha1 hash of given file as a (not so) random generator
  -C
        Print the generated passwords in columns
  -1
        Don't print the generated passwords in columns
  -v or --no-vowels
        Do not use any vowels so as to avoid accidental nasty words</code></pre>

<pre><code>pwgen 8 1
meec8Ahn</code></pre>

ほぅ・・・。

参照：<a href=""http://www.syuhari.jp/blog/archives/809"">Mac OSX で mkpasswd が使えなくても pwgen がある | Sun Limited Mt.</a>","2009-05-06 11:23:00","2009-05-06 11:31:29"
"4110","今日の検索欄","ふと検索欄に目をやったとき、

<a href=""http://www.flickr.com/photos/komagata/3504071653/"" title=""検索欄 by komagata, on Flickr""><img src=""http://farm4.static.flickr.com/3324/3504071653_57d6c66b0d_o.png"" width=""246"" height=""52"" alt=""検索欄"" /></a>

知りたい事は何となく分かるが、何故これを検索する必要があったのかは、まったく思い出せない。","2009-05-06 00:51:00","2009-05-06 00:53:37"
"4109","サーバー1台で儲かりたい","「サーバー１台で大体月何PVぐらいいけますか？」

という質問をよくされるけど、ハードやアプリを検証してみない限り意味ある精度の返答は出来ない。

出来ないんだけど、しなきゃいけないので、

「例えば、さくらの一番安い専用サーバーにブログの様なサービスを動かした場合、多分、月に50〜100万PVぐらいいけるんじゃないでしょうか。勘で。」

とかなり適当に答えてる。

そう考えると意外に1台で捌けるもんだなぁとか思います。

1PVでいくら儲かってるかというPV単価というものがありますが、サービスによって0.01円/PVから133円/PVというものまで幅広い。

というか133円/PVてなんだよ！ありえんの？
100万PVいったら1.3億という計算。

俺の様な貧弱一般人はサーバー1台で既に儲けが出る商売やりたいなぁとか思いました。","2009-05-05 18:11:00","2009-05-05 22:22:14"
"4108","vimにはやくあやまっテ！！","<blockquote><a href=""http://docs.komagata.org/4107"">vimで一番気になるところ</a>

http://code.google.com/p/macvim-kaoriya/

MacVim-KaoriYaでしたら、特に設定しなくても、自動的にIMが制御されます(insert modeから抜けるときにIM offなど)。

set imdisable
しているとIM制御されません。
http://code.google.com/p/macvim-kaoriya/wiki/Readme#自動IMオン/オフ無効化

sakamoto</blockquote>

コメントでsakamotoさんに教えていただきました！

ほんとだ！IM offになる！

「これは便利だから他のやつらにも伝えてやるべき」

「hai!!他の人も早く謝ってください！」

「まだ僕は死にたくないんです！！スクリーンエディタロストが怖いんです！」

「メインエディタに難癖付けたせいでお前の命は非常にまずい事になる」

「早く謝ってください！vimにはネガキャンきかない！」

「僕は絶望的な戦いはしたくないです！　<a href=""http://www.geocities.jp/burontosan/right.html#35"">はやくあやまっテ！！</a>」","2009-05-01 03:14:00","2009-05-01 03:26:31"
"4099","DebianパッケージのRubygemsを使う","MacにVirtualBoxでDebian入れて、ブリッジ接続してそこで開発。WindowsでcoLinux+Debianで開発してたので馴染み易いスタイルです。

rubygemsはいつもソースから入れてたんだけど、Debianパッケージを使う方法を試してみました。

<pre><code>sudo gem update --system
    gem update --system is disabled on Debian. RubyGems can be updated using the official Debian repositories by aptitude or apt-get.</code></pre>

Debianパッケージのは少し古いのでアップデートしようとするとおこられる。

<pre><code>sudo gem install rubygems-update
sudo /var/lib/gems/1.8/bin/update_rubygems
gem -v
1.3.2</code></pre>

こうしたら行けた。","2009-04-17 17:10:00","2009-04-30 23:59:36"
"4107","vimで一番気になるところ","こんなこと言うと、

「にわかが・・・塵と化せっ！」

と言われるかもしれませんが、

「vimって日本語打ち辛くないですか？」

<a href=""http://www.flickr.com/photos/komagata/3486811356/"" title=""vimで日本語 by komagata, on Flickr""><img src=""http://farm4.static.flickr.com/3586/3486811356_023a476ba3_o.png"" width=""290"" height=""209"" alt=""vimで日本語"" /></a>

（アワレにも通常モードで日本語をタイプしてしまった図）

何となく我慢しながらきているんですが、みなさんどうされているんでしょうか・・・。","2009-04-30 03:08:00","2009-04-30 03:13:25"
"4105","Mr.Tブログの必要性","<a href=""http://www.flickr.com/photos/komagata/3465598595/"" title=""西原方面のBOM by komagata, on Flickr""><img src=""http://farm4.static.flickr.com/3568/3465598595_a2fdcebef7.jpg"" width=""500"" height=""375"" alt=""西原方面のBOM"" /></a>

そろそろ「Mr.Tブログ」を再会せねばならないか・・・。
おれのMr.Tフォルダが火を吹くぜ。","2009-04-28 01:37:00","2009-04-28 01:39:01"
"4104","マルチタッチ系の動きを他のソフトでもできるMultiClutch","プロジェクト中で余裕が無いのにThinkPad X61で低温火傷して、代替機を探してるところに謎のテンションでMac購入した（リリース日が近づくと何故か物欲が高まりますよね？）こともあって、兎に角、

「Terminalでvimが動けば何でもいいや」

という調子できたのでMacでの快適なツールとかあんまり知らないので、ちょっとづつ調べて行こうと思います。

今回知ったのはこれ。

""<a href=""http://wcrawford.org/2008/02/28/everytime-i-think-about-you-i-touch-my-cell/"">MultiClutch</a>""

スワイプやズームなど、マルチタッチ系の動きを他のソフトにも割り当てることが出来るそうです。

<a href=""http://www.flickr.com/photos/komagata/3476083769/"" title=""MultiClutch by komagata, on Flickr""><img src=""http://farm4.static.flickr.com/3379/3476083769_15ecf157f4.jpg"" width=""500"" height=""335"" alt=""MultiClutch"" /></a>

俺がやりたかったのはコレ。

三本指で左に払う（スワイプ）するとFirefoxで「戻る」。右に払うと「進む」

マウスを使ってた時もジェスチャー好きだったのでこれは嬉しい！だらだらブラウジングする俺にぴったりな感じです。","2009-04-27 01:06:00","2009-04-27 08:30:54"
"4103","Diablo発見","<a href=""http://www.flickr.com/photos/komagata/3475562935/"" title=""Diablo by komagata, on Flickr""><img src=""http://farm4.static.flickr.com/3307/3475562935_663e3f0f06_o.jpg"" width=""240"" height=""320"" alt=""Diablo"" /></a>

CD整理してたら<a href=""http://www.blizzard.com/us/diablo/"">Diablo</a>が出てきた。懐かしー！

試しにVirtualBoxで動かしてみたら音も動きも全然普通に出来ました。

<a href=""http://www.flickr.com/photos/komagata/3475719977/"" title=""Diablo on VirtualBox by komagata, on Flickr""><img src=""http://farm4.static.flickr.com/3600/3475719977_8afe199769.jpg"" width=""500"" height=""414"" alt=""Diablo on VirtualBox"" /></a>

""HELLO MY FREND!""

上はCAINからGOSSIPを聞いてるとこ（CAINとか覚えてる？）

(C)1996 BLIZZARD ENTERTAINMENT. って、13年前かよ・・・。","2009-04-26 22:15:00","2009-04-26 23:32:39"
"4102","飲まされる・・・煮え湯・・・っ！","<iframe width=""312"" height=""176"" src=""http://ext.nicovideo.jp/thumb/sm6819416"" scrolling=""no"" style=""border:solid 1px #CCC;"" frameborder=""0""><a href=""http://www.nicovideo.jp/watch/sm6819416"">【ニコニコ動画】【カイジMAD】　あんどう　【オリジナル曲】</a></iframe>

この地球（ほし）も・・・金も・・・絶対、手放したく無いっ！","2009-04-26 21:42:00","2009-04-26 21:48:12"
"72","手刀","<a href=""http://www.flickr.com/photos/komagata/3476273272/"" title=""鳩 by komagata, on Flickr""><img src=""http://farm4.static.flickr.com/3612/3476273272_25bfffd3f6_o.jpg"" width=""96"" height=""96"" alt=""鳩"" /></a>

以前にも書きましたが、俺はこないだ""AKSK""でカバン盗まれた。
iPodもデジカメもLOSTした。

それからおれはその""ハトトート""を盗んだやつの首筋に後ろ斜め後方45度の角度から叩き込むための手刀を日々鍛えていた。

しかし先日""AKSK""で千代田線に乗り込んだとき、いきなりハトトート所持者に遭遇した！

おれはその人物をなめるように見たあと話しかけようとした・・・

が、冷静に考えると単なる*同じカバン所持者*にしか見えない。

とその時、そいつがカバンから文庫本を取り出した！

俺はそれがインディヴィジュアルプロジェクション（カバン盗まれたとき入っていた本）だった場合に手刀の雨を降ら（略）ために身構えた。

が、何かそいつの取り出した本は駄洒落が書いてあるよくわからん本だった・・・。

※ハトの絵の入ったトートバック
※赤坂","2003-05-21 21:05:00","2009-04-26 21:36:40"
"4101","入社したのかしてないのか","おはようございます。

<a href=""/4086"">エイプリルフールのエントリー</a>が失敗したkomagataです。

フィヨルド社のページ更新されました。

<a href=""http://fjord.jp/"">http://fjord.jp/</a>

企業向け？の自社サービスを作る予定で入りました。

初台のオフィスというより昭和な家屋（おばあちゃん家の匂いがする）で仕事しております。まだネット来てないですがお暇のある方は遊びにきてください。","2009-04-22 10:26:00","2009-04-22 10:33:22"
"4100","神がいてデブラがいてイアンがいる","<a href=""http://www.flickr.com/photos/komagata/3458855366/"" title=""kiretimatta by komagata, on Flickr""><img src=""http://farm4.static.flickr.com/3630/3458855366_724945da66_o.jpg"" width=""230"" height=""120"" alt=""kiretimatta"" /></a>

WindowsでcoLinux上のDebianで開発してたのでMacのportsとかlaunchdとかgが先頭についてるやつとかghostscriptのコンパイルにかかる時間とかに""久しぶりにキレちまっ""てたんですが、VirtualBoxで全て解決！

まるでcoLinuxがMacに引っ越してきたみたいです。使い易いわぁ。","2009-04-20 15:58:00","2009-04-20 16:17:42"
"4009","MySQL","*CSVにエクスポート*

<pre>
SELECT * FROM employees INTO OUTFILE ""/tmp/employees.csv"" FIELDS TERMINATED BY ',' OPTIONALLY ENCLOSED BY '""';
</pre>

*CSVからインポート*

<pre>load data local infile ""/tmp/dump.csv"" into table tablename fields terminated by ',';</pre>

*ユーザー追加*

<pre>
grant all on *.* to yoshi@localhost identified by 'hoehope';
</pre>

*rootのパスワード削除*

<pre>set password for root@localhost=password('');</pre>

*DBバックアップ*

<pre>
% crontab -e
0 5 * * * mysqldump -uproject -pxxxxxxx project_production | bzip2 > /var/www/html/project/backups/project_production.`date +\%Y\%m\%d\%H\%M\%S`.dmp.bz2
</pre>

*カラム追加*

<pre>
alter table foos add column foo_id int(11) not null default 123 after title;
</pre>

*Macにインストール*

<pre><code>sudo port install mysql5 +server
sudo -u mysql mysql_install_db5
sudo cp /opt/local/share/mysql5/mysql/my-small.cnf /etc/my.cnf</code></pre>

*Macで起動*

<pre><code>sudo /opt/local/share/mysql5/mysql/mysql.server start</code></pre>","2008-08-10 03:02:00","2009-04-17 18:18:12"
"4098","MacにVirtualBoxなかなか便利","どうも貧乏根性が染み付いているのか、""良い物があれば有料でも買う""というMac文化に馴染めず、ATOK、iWorks、TextMateなど全てトライアル版で終了しているkomagataです。

VMware Fusionも「とりあえずQEMUとVirtualBoxを試してから」ということで入れてみました。

QEMUの方はQ.appというQEMUのGUI付きパッケージがあったので入れてみると、WindowsXP, Debian Lenny共にインストール中に落ちてしまって駄目そうです。

VirtualBoxの方はなかなか良さそうでした。

VMwareで言うところのVMware ToolsみたいなGuest Additionsを入れると、ウィンドウサイズを合わせてくれたり、マウスカーソルをホストとシームレスに移動できたり（ここもVMware Toolsと大体同じ）、ウィンドウ境界を無くすシームレスモードが出来たりします。

DebianでのGuest Additionsのインストールにちょっとつまずいたのでメモ。

<pre><code>sudo apt-get update
sudo apt-get build-essential
sudo linux-headers-`uname -r`</code></pre>

「メニュー」「デバイス」「Guest Additionsのインストール」

<pre><code>sudo sh /media/cdrom0/VBoxLinuxAdditions-x86.run</code></pre>

Windows XP:

<a href=""http://www.flickr.com/photos/komagata/3447448543/"" title=""WindowsXP [実行中] - Sun VirtualBox by komagata, on Flickr""><img src=""http://farm4.static.flickr.com/3556/3447448543_7b87e27712.jpg"" width=""500"" height=""407"" alt=""WindowsXP [実行中] - Sun VirtualBox"" /></a>

Debian Lenny:

<a href=""http://www.flickr.com/photos/komagata/3447438375/"" title=""DebianLenny [実行中] - Sun VirtualBox by komagata, on Flickr""><img src=""http://farm4.static.flickr.com/3414/3447438375_460cfa24fc.jpg"" width=""500"" height=""407"" alt=""DebianLenny [実行中] - Sun VirtualBox"" /></a>

""railsアプリをcapした時にSkypeに報告する""という実にどうでも良い機能のLinux版とWindows版を実装したいがために導入しました・・・。","2009-04-17 03:14:00","2009-04-17 03:29:45"
"4097","pdfをpngにする","<pre><code>sudo port install ImageMagick +gs
convert foo.pdf foo.png</code></pre>","2009-04-15 19:16:00","2009-04-15 19:18:18"
"4096","仕方ないね","<blockquote><a href=""http://blog.livedoor.jp/dqnplus/archives/1247161.html"">痛いニュース(ﾉ∀`):「ケンカ最強」の暴走族特攻隊長、一般人に負けそうになり仲間が警察に通報</a>

同課によると、少年らは平成２年生まれの不良グループ「０２会」のメンバーが中心で、昨年１０月、２０年ほど前に結成されて平成１２年に解散した暴走族「椿連合」を復活させていた。
１９代総長や特攻隊長などと名乗り、市内でほかのオートバイを見つけると「もぐりだ」と金属バットで殴るなどしていた。

同課によると、特攻隊長の少年は「ケンカが一番強い」として総長でなく特攻隊長になったが、１月７日夜、オートバイの無職の男性（２２）を襲ったところ、男性の方がケンカが強かったため負けそうになり、仲間の１１０番通報で駆けつけた警察官に傷害の現行犯で逮捕された。</blockquote>

バットを持った暴走族のバイク狩りがバイクに乗った一般人に負けそうになって１１０番。

情けないとの声が多いが、事実はこう。
　
　
　
　
　
　
　
　
　
　
<a href=""http://www.flickr.com/photos/komagata/3427725350/"" title=""ohaou by komagata, on Flickr""><img src=""http://farm4.static.flickr.com/3307/3427725350_9e81541c7a_o.png"" width=""262"" height=""198"" alt=""ohaou"" /></a>

武器（バット）を持ったやつが相手なら

「覇王翔吼拳」を使わざるを得ない","2009-04-10 07:20:00","2009-04-13 23:01:55"
"4095","Hatagaya.py","id:dandasoや永島さんや<a href=""http://yamashita.dyndns.org/blog/"">山下さん</a>と飲んできました。

フィヨルドも初台に場所が決まったんですが、なんと山下さんと同じ町内に住んでることが判明。

初台・幡ヶ谷があつい！","2009-04-10 03:03:00","2009-04-10 03:13:26"
"4094","サーバーを組み立てるだけの簡単なお仕事","前回、<a href=""http://d.hatena.ne.jp/dandaso/"">id:dandaso</a>に「本当の勝ち組サーバー教えてやる！」と言われて行ってきました。<a href=""http://www.spacyz.jp/"">株式会社スペーシーズ</a>に。

<a href=""http://www.flickr.com/photos/komagata/3425890128/"" title=""090403_151530 by komagata, on Flickr""><img src=""http://farm4.static.flickr.com/3335/3425890128_de9b3cae1e.jpg"" width=""375"" height=""500"" alt=""090403_151530"" /></a>

積み上げられたハードの山。

だんだそ「サーバーを組み立てるだけの簡単なお仕事です。」

だ、っだまされた！今日は会議じゃなくてサーバー構築要員として召還されたのだ！

<a href=""http://www.flickr.com/photos/komagata/3425081975/"" title=""090403_151655 by komagata, on Flickr""><img src=""http://farm4.static.flickr.com/3623/3425081975_4a0111e480.jpg"" width=""375"" height=""500"" alt=""090403_151655"" /></a>

HDDの山。これ担いで秋葉原の路上でうってくるわ！

<a href=""http://www.flickr.com/photos/komagata/3425082295/"" title=""090403_150442 by komagata, on Flickr""><img src=""http://farm4.static.flickr.com/3335/3425082295_794ba3a7c6.jpg"" width=""375"" height=""500"" alt=""090403_150442"" /></a>

メモリとXeon Core 2 Quadの山。（これが２セットある）

<a href=""http://www.flickr.com/photos/komagata/3425890466/"" title=""090403_150415 by komagata, on Flickr""><img src=""http://farm4.static.flickr.com/3400/3425890466_021a97a002.jpg"" width=""375"" height=""500"" alt=""090403_150415"" /></a>

「う、1U組み立てるだけの簡単なお仕事が待ってるお」

<a href=""http://www.flickr.com/photos/komagata/3425082543/"" title=""090403_144122 by komagata, on Flickr""><img src=""http://farm4.static.flickr.com/3647/3425082543_b28a4f29f9.jpg"" width=""375"" height=""500"" alt=""090403_144122"" /></a>

ウェスタンデジタルの500Gx4個にアダプテックのRAIDカードか。いいなあ。2個組み立てたら1個下さい・・・。

<a href=""http://www.flickr.com/photos/komagata/3425890234/"" title=""090403_151256 by komagata, on Flickr""><img src=""http://farm4.static.flickr.com/3598/3425890234_344369c39a.jpg"" width=""500"" height=""375"" alt=""090403_151256"" /></a>

スペイシーズ社には見頃を迎えた桜が一望できるすばらしい席があります。天気のいい日は最高です。

そこにテスト中の1Uサーバーの轟音が、

「ゴーーーーーーーーーーー、ゴーーーーーーーーーーーーー」

組み立てるサーバーはまだ８台もあり、簡単なお仕事はまだ続きそうです・・・。","2009-04-10 00:43:00","2009-04-10 00:59:24"
"4093","UNIX - 圧縮・解凍","bz2圧縮（引数はln -sの逆と覚える）

<pre><code>tar jcvf foo.tar.bz2 /home/foo</code></pre>

bz2解凍

<pre<code>tar jxvf foo.tar.bz2</code></pre>","2009-04-08 19:23:00","2009-04-08 19:26:23"
"4092","Postfix - MacPortsでインストール","<pre><code>sudo port install postfix
cd /opt/local/etc/postfix/
sudo cp main.cf.sample main.cf
sudo cp master.cf.sample master.cf
sudo launchctl load -w /Library/LaunchDaemons/org.macports.postfix.plist
sudo launchctl start org.macports.postfix</code></pre>

起動確認。

<pre><code>netstat -aL|grep smtp
0/0/100        *.smtp</code></pre>","2009-04-07 02:32:00","2009-04-07 02:38:47"
"4091","sendmail","いつも忘れる。

<pre><code>sendmail foo@example.com
From: my@mail.address (あなたのメールアドレス)
To: foo@example.com
Subject: This is test mail.
(ここに空行を入れる。ここまでがヘッダ。ここから先がボディ)
メールの内容
.(ドットのみの行を入力すると終了)</code></pre>

同じく。

<pre><code>telnet mail.server.com smtp
HELO あなたのドメイン名
MAIL FROM: あなたのメールアドレス
RCPT TO: 送信先のメールアドレス
DATA (ここまでがエンベロープ。ここから先がヘッダ)
From: うそのメールアドレス
To: 送り先メールアドレス
Subject: タイトル
(空行。ここから先がボディ)
メールの内容
.(ドットのみの行はボディの終了を示す)
QUIT</code></pre>","2009-04-07 02:27:00","2009-04-07 02:29:30"
"4090","インデックス名長杉","<pre><code>add_index :brochures,
  [:request_for_brochure_id, :cemetery_id, :stone_shop_id],
  :unique=>true</code></pre>

こんな感じでインデックス作ったら・・・

<pre><code>Mysql::Error: Identifier name 'index_brochures_on_request_for_brochure_id_and_cemetery_id_and_stone_shop_id' is too long: CREATE UNIQUE INDEX `index_brochures_on_request_for_brochure_id_and_cemetery_id_and_stone_shop_id` ON `brochures` (`request_for_brochure`, `cemetery_id`, `stone_shop_id`)</code></pre>

インデックス名長杉。

資料請求がrequest_for_brochuresはちょっと長過ぎたか、、、

<pre><code>add_index :brochures,
  [:request_for_brochure_id, :cemetery_id, :stone_shop_id],
  :unique => true,
  :name => 'index_brochures_on_rfb_id_and_cemetery_id_and_stone_shop_id'</code></pre>

修正。","2009-04-05 22:22:00","2009-04-05 22:35:04"
"4089","Railsでプチストレス","おはようございます。仕事で２年ぐらい、８サイト連続ぐらいでRails使ってるのにあまり上達の見えないkomagataです。

そこで、Railsで不便に思っていること、他人に聞くに聞けないちょっとしたことなどを列記してみたいとおもいます。

# namespaceを含むscaffoldが不便。（scaffold Admin::Userとした場合、modelは普通のUserになってほしいが、Admin::Userになる。indexは/admin_users/indexみたいな感じになる。）generator書けば住む話だがめんどい。
# controllerのテストはfixtureを使うべきか、mock/stubのみを使うべきか。
# 初期データ（マスタなど）の登録はどのようにやるべきか。（今はfixtureとは別にdb/default/*.csvをおいて、migrationファイル内でFixtures.create_fixtures(db/default, users)などのようにしている。
# vimの場合、リファクタリングはどうやるのが便利か。（svn管理下ファイルのリネーム、クラス名、メソッド名の一括置換などがめんどい）
# ssl_requirementプラグインでのhttpsへのリダイレクトを伴う動きはどうやってテストするのか。
# IEでの警告回避のためのhtmlを使ってのhttpsへのリダイレクトを伴う動きはどうやってテストするのか。
# 単一テーブル継承を使った場合にいろいろとだるい。
## 継承したクラスの必須項目はRDBでnot nullできない（ちょっと気にかかる）
## 継承したクラスのbelongs_toとかのカラムがnot nullできない（同上）
## 外部キー制約とかが元クラステーブル名になる（あたりまえだけど）
# インスタンス変数を前提としたヘルパーを多用してよいのかどうか。（引数以外の値を利用するヘルパー）
# helper :allはデフォルトでは無くしてほしい。
# erb利用時のpartialなどのインデントがそろわない。
# content_for :fooなどを書いた場合、便利だがちょっとテンプレが汚れる感がある。
# title, meta_description, meta_keywordsの標準的な各ページでの指定方法はどういうやり方があるのか。
# パン屑リストの一般的な実装はどういう感じなのか。
# prototype, scriptaculous, RJSが使い辛い。

文句ばっかりですが、上記以外とても気に入っていますし、これがなきゃ開発したくないという要素も数えきれないほどあるのでプラス面の方が全然大きいです。

勉強会などにあまり出席したことがないのでいびつな使い方になってるかもしれません。「ここはこうやればいいよ」などのご指摘があればコメントいただけるとありがたいです。","2009-04-02 22:39:00","2009-04-02 23:15:50"
"4088","真の勝ち組サーバー","<a href=""http://d.hatena.ne.jp/dandaso/"">id:dandaso</a>から、「本当の勝ち組サーバー見せてやるからこい！」とのメッセンジャー。「組み立て手伝わせてやる！」とのことなので行ってきます。wktk。","2009-04-02 01:20:00","2009-04-02 01:21:50"
"4087","【急募】世紀末覇者【修羅】","<a href=""http://www.flickr.com/photos/komagata/3403703731/"" title=""世紀末覇者とは - はてなキーワード by komagata, on Flickr""><img src=""http://farm4.static.flickr.com/3602/3403703731_2c91d0233f_o.jpg"" width=""214"" height=""289"" alt=""世紀末覇者とは - はてなキーワード"" /></a>

募集しているのは<a href=""http://ja.wikipedia.org/wiki/%E4%BF%AE%E7%BE%85%E3%81%AE%E5%9B%BD"">修羅の国</a>の民ですねわかります。","2009-04-01 22:28:00","2009-04-01 22:51:20"
"4086","入社しました。","本日付けでLLCのフィヨルド社に入社しました。

http://fjord.jp/

がんばるぞと。","2009-04-01 20:32:00","2009-04-01 20:34:54"
"3989","Capistrano","*簡単SQLite設定*

SQLiteはDBがファイルだからCapistranoで困る。

<pre><code># config/database.yml
production:
  adapter: sqlite3
  database: ../../shared/production.sqlite3
  pool: 5
  timeout: 5000</code></pre>

productionだけsharedに置けばOK！

*svnをexportにする*

<pre><code>vi config/deploy.rb
:deploy_via, :export</code></pre>","2008-12-04 05:32:00","2009-03-31 21:52:22"
"4085","Rails","*バージョン固定してフリーズ*

<pre><code>rake rails:freeze:gems VERSION=2.1.1</code></pre>","2009-03-31 20:53:00","2009-03-31 20:54:17"
"3977","もう2度とハマらない！SSL証明書の設定","この業界10年いて何度も！何度も！やってるのに！また！

・・・・・・・またSSLの設定で2時間ハマってしまった。

<a href=""http://www.geocities.jp/burontosan/right.html#8"">おれの怒りが有頂天になった。</a>

もはや俺に残された手は手順を刺青として彫る以外・・・。

その前に最後のあがきとしてブログに残してみます。（何度となくWikiに残してるのに、それなのにハマるのです。）

*CentOS 5.2*

<pre><code>openssl genrsa -des3 -out /etc/pki/tls/private/ドメイン名.key 1024</code></pre>

privateキー作成。

<pre><code>openssl rsa -in ドメイン名.key -out ドメイン名-nopass.key</code></pre>

パスワード削除版privateキー作成。

<pre><code>openssl req -new -key /etc/pki/tls/private/ドメイン名.key -out /etc/pki/tls/certs/ドメイン名.csr</code></pre>

キーからcsr作成。

<pre><code>openssl req -text -in /etc/pki/tls/certs/ドメイン名.csr</code></pre>

csrの内容を確認。（この出力を保存しておくと安心）

/etc/pki/tls/certs/ドメイン名.csr　を認証局に送る。（ベリサインとかグローバルサインとか）

認証局から送られてきた、「証明書」と「中間証明書」をそれぞれ、
「/etc/pki/tls/certs/ドメイン名.crt」と「/etc/pki/tls/certs/ドメイン名-chain.crt」に保存する。
（べりサインなどの場合は中間証明書は要らない）

<pre><code>diff /etc/httpd/conf.d/ssl.conf*
112,113c112
< #SSLCertificateFile /etc/pki/tls/certs/localhost.crt
< SSLCertificateFile /etc/pki/tls/certs/ドメイン名.crt
---
> SSLCertificateFile /etc/pki/tls/certs/localhost.crt
120,121c119
< #SSLCertificateKeyFile /etc/pki/tls/private/localhost.key
< SSLCertificateKeyFile /etc/pki/tls/private/ドメイン名.key
---
> SSLCertificateKeyFile /etc/pki/tls/private/localhost.key
130,131c128
< #SSLCertificateChainFile /etc/pki/tls/certs/server-chain.crt
< SSLCertificateChainFile /etc/pki/tls/certs/ドメイン名-chain.crt</code></pre>

/etc/httpd/conf.d/ssl.conf を上記のように変更する。

<pre><code>openssl x509 -noout -text -in /etc/pki/tls/certs/ドメイン名.cst</code></pre>

証明書の中身を確認する。

*MacPorts*

<pre><code>cd /opt/local/apache2/conf
sudo openssl genrsa -des3 -out localhost.key 1024
sudo openssl rsa -in localhost.key -out localhost-nopass.key
sudo openssl req -new -key localhost-nopass.key -out localhost.csr 
sudo openssl x509 -req -in localhost.csr -signkey localhost-nopass.key -out localhost.crt</code></pre>

conf/httpd-ssl.confに追加。

<pre><code>NameVirtualHost *:443</code></pre>

次ハマったらTATOOしかない。","2008-11-13 11:24:00","2009-03-31 11:31:58"
"4084","vim","*マニュアルを日本語化*

# http://www.kaoriya.net/vimdoc_j/ ここからマニュアル取ってくる。
# $VIMRUNTIMEに放り込む。（Macだと/opt/local/share/vim/vim72辺り）
# vimで:helptags $VIMRUNTIME/doc
# ひたすら読む","2009-03-31 02:25:00","2009-03-31 02:28:47"
"4033","ntpdate","*Debian流ゆるふわ愛され*

<pre><code>sudo apt-get install ntpdate
sudo vim /etc/cron.hourly/ntpdate
#!/bin/sh
/usr/sbin/ntpdate-debian

sudo chmod 755 /etc/cron.hourly/ntpdate</code></pre>","2009-01-02 11:24:00","2009-03-31 02:25:26"
"4083","zsh","*Macでインストール*

<pre><code>sudu port install zsh-devel
sudo vi /etc/shells
/opt/local/bin/zsh
 
chsh -s /opt/local/bin/zsh
sudo ~/.inputrc
set convert-meta off
set meta-flag on
set output-meta on
set input-meta on</code></pre>

","2009-03-30 01:41:00","2009-03-30 02:50:14"
"4082","MacPorts","*apt-get update的なもの*

<pre><code>sudo port sync</code></pre>

*apt-get install的なもの*

<pre><code>sudo port install</code></pre>

*apt-cache search的なもの*

<pre><code>sudo port search</code></pre>","2009-03-28 20:45:00","2009-03-28 20:55:00"
"4081","Mac唯一ぬにの機能","<a href=""http://www.flickr.com/photos/komagata/3391060893/"" title=""MacBook by komagata, on Flickr""><img src=""http://farm4.static.flickr.com/3643/3391060893_7f485ae9d6.jpg"" width=""500"" height=""375"" alt=""MacBook"" /></a>

MacBook買いました。

有史以来、プログラマーの敵は低温火傷。
コンピューティングと低温火傷というアンヴィバレンツな要素と折り合いを付けながら人類は発展してきたわけですが、なんと、このMac・・・、

「・・・・・・火傷知らずなんですよ・・・。」

スティーブジョブス率いるアップルの技術陣がPARCで盗んだ技術とはこれだったんですね。

カロリーの低い甘味料、キシリトールの発見に匹敵する事件。

ﾏｼﾞで震えてきやがった…怖いです。","2009-03-28 17:01:00","2009-03-28 17:27:56"
"2724","Ruby版ワードサラダ","分かち書きとマルコフ連鎖使った<a href=""http://e-words.jp/w/E383AFE383BCE38389E382B5E383A9E38380.html"">ワードサラダ</a>クラス。Ruby版が見当たらないので書いてみました。

<pre><code>% irb --simple-prompt -r word_salad.rb
>> WordSalad.new(""ホスティング先のWiseknotが無くなっちゃうのでMojaviJapanのページをドリホに移しました。ディレクトリコピーしてmysqldump流し込むだけであっさり移行完了。面倒だったらぺらいちぐらいのサイトにしようかと思ってたんですが移行できてよかったです。"").cook
=> ""ページをドリホに移しました。面倒だったらぺらいちぐらいのサイトに移しましたです。ディレクトリコピーしてよかったんです。面倒だったらぺらいちぐらいのサイトにしようかと思ってたです。面倒だったらぺらいちぐらいのサイトにしようかと思ってたんですが移行できてよかったんです。ディレクトリコピーしてたんですが無くなっちゃうのでMojaviJapanのページをドリホに移しましたです。""</code></pre>

悪用の可能性があるのでソース無しで。

<a href=""http://pha22.net/comp/"">圧縮新聞</a>みたいな面白サイトを作れる一方でスパムサイトにも利用できる。技術は使う人次第ですなあ。","2008-03-15 07:09:00","2009-03-24 23:35:12"
"4080","autotest_screen.gem","<blockquote><a href=""http://saikyoline.jp/weblog/2009/03/19/232758.html"">サイキョウライン » autotest_screenをリリースしました。</a>

autotest/screenの切り出しを引き受けてから早2週間、やっとのことでリリースしました。</blockquote>

ZenTest 4.0.0からautotest/screenが無くなって困ってた（前のバージョンにパッチあててた）ところにyoshukiさんが単体gemとしてautotest_screenをリリースしてくれました。

あざーーーす！

<pre><code>sudo gem install autotest_screen</code></pre>

きた！メインgemきた！はやい！もう来たのか！これで勝つる！","2009-03-22 03:44:00","2009-03-22 03:48:02"
"4079","日用品の自動定期購入","<table><tr><td><a href=""http://www.amazon.co.jp/exec/obidos/ASIN/4873113075/p0t-22""><img src=""http://ecx.images-amazon.com/images/I/51jWtxU0sAL._SL160_.jpg"" width=""111"" height=""160"" alt=""エンジニアのための時間管理術"" title=""エンジニアのための時間管理術"" border=""0""/></a></td><td><ul><li><a href=""http://www.amazon.co.jp/exec/obidos/ASIN/4873113075/p0t-22"">エンジニアのための時間管理術</a></li><li>オライリー・ジャパン(2006-10-19)</li><li>オライリー・ジャパン</li><li>(翻訳)株式会社クイープ</li><li>定価：￥ 2,415</li><li>新品価格：￥ 2,415</li><li>中古価格：￥ 882</li><li>ASIN：4873113075</li></ul></td></tr></table>

仕事の一覧化→ルーチン化→自動化というのは継続していくと楽になっていいですよね。

特に、本書でも何度も出てきますが、「覚えておく」ということがどれだけ人間は不得意か、「覚えない」ことでどれだけ楽になるかというのは実感として身に染みます・・・。

自分の生活で気になった無駄は、「定期的な日用品の購入」という作業です。

シャンプー、トイレットペーパー、ゴミ袋、洗剤とかホント、何でもいいのでAmazonとかでカードで自動定期購入できて欲しいなと思いました。（勝手に配達されてくる）

そういうネットショップあったら使いたいです。（ちょっとググッた感じでは見つからなかった）

そういう、一般の人にも向けた、ネット上のcronみたいなサービスがあったらいいななどと思いました・・・。","2009-03-22 00:07:00","2009-03-22 00:50:59"
"4078","パスワードの生成","新しいユーザーを定期的に作る必要があるので、パスワードのルールを決めちゃって、自動化したい。

<pre><code>sudo aptitude install libstring-mkpasswd-perl
mkpasswd.pl --nospecial --noupper -l 8</code></pre>

（8文字、内数字2文字、小文字、特殊文字無し）

たくさん生成用。

<pre><code>vi mkpasswd.rb
#!/usr/bin/env ruby
ARGV[0].to_i.times do
  puts `mkpasswd.pl --nospecial --noupper -l 8`
end</code></pre>
shでいいところをperl。perlでいいところをrubyという酷いやっつけスクリプト。

3個生成。

<pre><code>./mkpasswd.rb 3
2ctroqj6
7bpn2yed
bf0mmv3y</code></pre>

覚えやすいように「特定の文章の単語の先頭文字を取る」というのも自動化したいな。","2009-03-21 18:12:00","2009-03-21 18:21:49"
"4077","冷えピタ","<a href=""http://www.flickr.com/photos/komagata/3369094097/"" title=""冷えピタ by komagata, on Flickr""><img src=""http://farm4.static.flickr.com/3584/3369094097_f7945c808c.jpg"" width=""500"" height=""375"" alt=""冷えピタ"" /></a>

低温火傷になった結果がこれだよ！","2009-03-20 14:39:00","2009-03-20 14:40:04"
"4076","Rails2.3.2で嬉しい点","<blockquote><a href=""http://guides.rubyonrails.org/2_3_release_notes.html"">Ruby on Rails 2.3 Release Notes</a>

ails 2.3 delivers a variety of new and improved features, including pervasive Rack integration, refreshed support for Rails Engines, nested transactions for Active Record, dynamic and default scopes, unified rendering, more efficient routing, application templates, and quiet backtraces.</blockquote>

rails2.3がリリースされたみたいです。

最初の自動化は似たスクリプト書いてたのと、仕事がすでにコーディングにガッツリ入ってるのでコード量が減る変更の方が気になってしょうがないです。

リリースノートを読んで、一番コードに（良い意味で）影響がありそうなのは Object#try かなと思いました。行数が凄い減りそう。
Controllerの行数が一行でも減るのはうれしいです。

動的スコープ（scoped_by_foo）とデフォルトスコープ（default_scope）はModelの行数が減りそうでうれしい。

コア開発者の人は結構大工事だったと思うんですが、Rackベースに変更できてスッキリしてるんじゃないでしょうか。

相変わらず変更がアグレッシヴなのは自動テスト文化のおかげでしょうか。利用する側としては<a href=""http://www30.atwiki.jp/niconicomugen/pages/491.html"">激流に身を任せ同化する</a>ほかないようです。

<a href=""http://www.flickr.com/photos/komagata/3362751057/"" title=""ニコニコMUGENwiki - トキ by komagata, on Flickr""><img src=""http://farm4.static.flickr.com/3617/3362751057_b37ea97b19_o.gif"" width=""165"" height=""261"" alt=""ニコニコMUGENwiki - トキ"" /></a>","2009-03-18 03:19:00","2009-03-18 03:36:38"
"4075","nokogiri速ぇ","<blockquote><a href=""http://www.rubyinside.com/ruby-xml-performance-benchmarks-1641.html"">Ruby XML Performance Shootout: Nokogiri vs LibXML vs Hpricot vs REXML</a>

Last week, libxml-ruby 1 was released - a significant achievement since it had been under development for seven years. I suspected that it might just pip Nokogiri to the ""fastest way to parse XML in Ruby"" post and invited people to benchmark them. Turns out.. it ain't so. Nokogiri is the fastest.</blockquote>

XMLパーサーのベンチマーク。<a href=""http://github.com/tenderlove/nokogiri/tree/master"">nokogiri</a>はlibxml2ベースでHpricot互換とは相当良さそうですな。","2009-03-16 22:06:00","2009-03-16 22:12:43"
"4074","Common Lispに入門","<table><tr><td><a href=""http://www.amazon.co.jp/exec/obidos/ASIN/4274067211/p0t-22""><img src=""http://ecx.images-amazon.com/images/I/51igxAWGMiL._SL160_.jpg"" width=""124"" height=""160"" alt=""実践Common Lisp"" title=""実践Common Lisp"" border=""0""/></a></td><td><ul><li><a href=""http://www.amazon.co.jp/exec/obidos/ASIN/4274067211/p0t-22"">実践Common Lisp</a></li><li>オーム社(2008-07-26)</li><li>オーム社</li><li>(翻訳)佐野匡俊</li><li>(翻訳)水丸淳</li><li>(翻訳)園城雅之</li><li>(翻訳)金子祐介</li><li>定価：￥ 4,410</li><li>新品価格：￥ 4,410</li><li>ASIN：4274067211</li></ul></td></tr></table>

Common Lisp初心者にはコレ！ということで<a href=""http://cadr.g.hatena.ne.jp/g000001/"">id:g000001</a>さんに<a href=""http://www.amazon.co.jp/exec/obidos/ASIN/4274067211/p0t-22"">実践Common Lisp</a>を貸してもらったので飯食いながら読んでました。（On Lispを買ったらいきなりマクロというのが分からなかった。）

（<a href=""/2757"">これは趣味だ、これは趣味だ、これは趣味だ。</a>Common Lispという架空の無料ネットゲームをプレイしているのと同じと考えてほしい！Railsの息抜きにネットゲームをプレイしているのです。そうなのです。）

とりあえず、家の糞ノートにUbuntuとSBCLという処理系を入れてみた。id:g000001さんに「schemeとは結構違うらしい」ということを聞いていたのでビビっています。

まず疑問に思ったのは下記のようなことです。

* UNIXのsellからどうやって起動するのか。
* gaucheでいえば #!/usr/bin/env gosh を1行目に書くみたいなことはできるのか。
* コンパイルはどうやってやるのか。
* プログラムへの標準入力と引数はどうやって受けとるのか。
* socketやtcpの通信はどうやってやるのか。
* パッケージシステムはどういうものがあるのか。
* プログラムは普通どういう形で配布するのか。
* マルチバイトの文字列はどうやってあつかうのか。

主にUNIXの他のプログラムとの連携をどうやるのかということが気になってしまうんですが、UNIXに毒されている者の考えで、Common Lisp流とはそもそも違うのかもしれない・・・。","2009-03-15 23:31:00","2009-03-16 09:11:36"
"4073","今日のIM","(0:09:44) komagata: 
休出ワロス
(0:13:00) y@休出だるすぎワロタ: 
うｚｚｚ","2009-03-15 00:14:00","2009-03-15 00:14:32"
"4072","RSpec on Railsのアンチプラクティス","controllerのspecで、getしてるところでどうしても下記のようなエラーでこける。

<pre><code>18)
ArgumentError in 'FoosController responding to GET index should expose all foos as @foos'
wrong number of arguments (1 for 0)
./spec/controllers/foos_controller_spec.rb:13:</code></pre>

原因はこれだった。

<pre><code>class ApplicationController < ActionController::Base
  include ActionController::UrlWriter
end</code></pre>

controllerの重要な何かがUrlWriterで上書きされてるっぽい。controllerにあんまり変なものincludeすると痛い目を見るというアンチプラクティス・・・。","2009-03-10 21:50:00","2009-03-10 22:03:28"
"4071","【新八王子音頭】あまりにも名曲すぐるでしょう？【ハァ！】","<iframe width=""312"" height=""176"" src=""http://ext.nicovideo.jp/thumb/sm1942917"" scrolling=""no"" style=""border:solid 1px #CCC;"" frameborder=""0""><a href=""http://www.nicovideo.jp/watch/sm1942917"">【ニコニコ動画】市民なら知ってる「太陽おどり」を初音ミクに歌わせた。</a></iframe>

八王子市民の脳裏に強烈なインパクトを残し続ける「太陽おどり」（正式名称、新八王子音頭）

はぁっ！

<pre>１．東西南北
　　月から星からやって来る
　　逢いたい見たい住みたいと
　　　　　キンラキラキラキラキラ
　　みどりがいっぱいあるところ
　　美人がいっぱいいるところ　ハア
　　太陽の街八王子
　　　ハッパキラキラキラキラ　ハア
　　　　　　　キンラキラキラキラキラ

２．はだかでぶつかれ
　　若さでぶつかれどんと行け
　　振り返らずに止まらずに
　　　　　キンラキラキラキラキラ
　　足音百万空高く
　　あしたをみつめて大行進　ハア
　　太陽の街八王子
　　　ハッパキラキラキラキラ　ハア
　　　　　　キンラキラキラキラキラ
　　　　
　　　　　－間奏－

３．あの娘とあいつが
　　高尾の山からおりて来た
　　平和の花を胸につけ
　　　　　キンラキラキラキラキラ
　　やさしい瞳と情熱で
　　世界へ扉を開く朝　ハア
　　太陽の街八王子
　　　ハッパキラキラキラキラ　ハア
　　　　　　キンラキラキラキラキラ</pre>","2009-03-07 00:59:00","2009-03-07 01:04:29"
"4070","凡人流タイムマネージメント","* 定時外（土日も）の作業が必要になるような計画を立てない。
** 一度やるとそれが標準になる。
* しかし、パワーは有り余っている。そのパワーでルーチンプロセスの改善やタスクのオーバークオリティを狙ってみる。

*ルーチンプロセスの改善*

* 何故ゴミの日にきちんとゴミ出しできないんだろう？
* 毎週のリリース時のブランチ作成のためのCapistranoタスクを書いてみる。
* 毎日寝る時間を携帯のアラームにセットしてみる。

*オーバークオリティ*

* 来週入る新人用PCを（設定を）ピッカピカにしてみようか。
* 上司に頼まれてたタスクを一個、とんでもない前倒しで完了してみようか。
* 商品検索用のコントローラー一個だけ、とんでもない数のテストを書いてやろうか。
* 小さいアプリのカバレッジを圧倒的にしてみる。

","2009-03-04 23:42:00","2009-03-05 01:33:39"
"4069","ITベンチャー系ゆるふわ愛されアルバイト募集","僕が非常勤でシステム担当になっている五反田のアクトインディ株式会社でエンジニアのアルバイトを募集しています。（というか僕が募集しています。）

* 仕事
** Railsアプリ開発（RSpec)
** サーバー構築（Debian/CentOS)
* 時給1000円以上
* 勉強のためのアルバイト可
* 3ヶ月～の短期も可
* 週3日以上できる人
* 慣れれば自宅勤務も可
* 場所、五反田
* PC持込可（BeOSとかPlan9とかでもいいです）
* 服装自由
* ガチ鬱可（薬を服用していれば可）
* 業務形態
** 社員前提
** アルバイト
** インターン
** いろいろ

rono23の例でいったら、「Railsは本読みました」、「Linuxはいまいち・・・」という状態から両方とも1人で一から作れるようになってました。
なんらかのプログラム経験させあれば大丈夫です。

rono23も最初から半年ぐらいの予定で、予定通りやり終えて旅立って生きました。ミステリー小説の下巻や1人おでんセットをプレゼントしたことはいい思い出です。

オープンソースのWeb開発がサーバー構築含めてぺろっと習得したいかたはぜひ！
条件はほぼ、僕らと面白楽しく開発できるかどうかです。

komagata@gmail.com の アルバイト募集係までメールをください。
無事働くことになった方には、「極道メシ　１巻」をプレゼントいたします。また、machidaさんからは沖縄名物「サーダーアンダーギー」がプレゼントされることでしょう。

宜しくお願いします！","2009-03-04 01:31:00","2009-03-04 17:07:31"
"4068","ShouldaでCucumber","<blockquote><a href=""http://giantrobots.thoughtbot.com/2009/2/20/mixing-cucumber-with-test-unit"">Mixing Cucumber with Test::Unit/Shoulda — GIANT ROBOTS SMASHING INTO OTHER GIANT ROBOTS</a>

Most of Cucumber’s users seem to be fans of RSpec, but if you’re using Test::Unit (or Shoulda), Cucumber works just as well.</blockquote>

うわああああ、CucumberのためにShoulda捨ててRspecにしたのに、Test::UnitでもShouldaでも問題無く動くみたいです・・・。

外部の人に頼むときRspecじゃないと混乱するだろうからいいか・・・。

くっ・・・・。","2009-03-03 01:37:00","2009-03-03 01:40:08"
"4067","無変更でBフレッツになった","会社の回線を見直したときに、ついでに自分の家の回線も調べてみたら、随分前に契約したADSLで月5500円ぐらいかかっていたのでBフレッツのマンションタイプに変更しました。

今日、工事の人が来ました。ADSLモデムがVDSLモデムに変わっただけで、プロバイダの変更がなかったのでルータの設定をまったく変更しないでも勝手につながりました。楽だなー。","2009-02-28 21:02:00","2009-02-28 21:04:56"
"3983","Postfix - Submissionポートで通信","<pre><code># /etc/postfix/master.cf
#smtp      inet  n       -       -       -       -       smtpd
submission inet n       -       -       -       -       smtpd
  -o smtpd_enforce_tls=yes
  -o smtpd_sasl_auth_enable=yes
  -o smtpd_client_restrictions=permit_sasl_authenticated,reject</code></pre>

smtp行をコメントにして、submission行をコメントを外す。

<pre><code>% /etc/init.d/postfix reload</code></pre>

リロードする。
netstatで587で立ち上がってるか確認する。","2008-12-01 19:18:00","2009-02-27 02:04:32"
"4066","気持ちの問題","<iframe width=""312"" height=""176"" src=""http://ext.nicovideo.jp/thumb/sm5942805"" scrolling=""no"" style=""border:solid 1px #CCC;"" frameborder=""0""><a href=""http://www.nicovideo.jp/watch/sm5942805"">【ニコニコ動画】【三国志】もしも孔明が　松岡修造だったら</a></iframe>

がんばれがんばれできるできる絶対できるがんばれもっとやれるって！！
やれる気持ちの問題だがんばれがんばれそこだ！
そこで諦めんな絶対にがんばる積極的にポジティブにがんばるがんばる！！
赤壁だって頑張ってるんだから！

参照：<a href=""http://www1.atwiki.jp/syuzo/pages/56.html"">松岡修造＠ニコニコ動画wiki - 名言・語録１（修正）</a>","2009-02-22 15:16:00","2009-02-22 15:21:57"
"4065","ベンチャーのシステムを改善していくブログ","非常勤ですが、アクトインディ株式会社のシステムの担当になったので、
「<a href=""http://improvingaventuresystem.wordpress.com/"">ベンチャーのシステムを改善していくブログ</a>」
というブログを作ってみました。

<a href=""/4017"">ITベンチャー勝ち組セット</a>とか言って、実際に使ってるとこをレポートしろって話だわな。

ベンチャーシステム担当が現実と理想の狭間で苦悩する愛しさと切なさと疾風迅雷脚と小足みてから昇竜余裕でしたを紹介できればと。

参照：
* <a href=""http://improvingaventuresystem.wordpress.com/"">ベンチャーのシステムを改善していくブログ</a>
* <a href=""/4017"">ITベンチャー勝ち組セット</a>","2009-02-22 00:38:00","2009-02-22 01:01:04"
"4064","いつか街灯上につるし上げられる","<blockquote><a href=""http://d.hatena.ne.jp/h_sakurai/20090216"">Ada Hackathon - h_sakuraiの日記</a>

Ada Hackathonに行ってきました。

濃ゆいメンバーで楽しかったです。</blockquote>

Ada関連の記事を見ていると、

<blockquote><a href=""http://www.geocities.co.jp/Playtown-King/6353/genbun.html"">諸君、私は戦争が好きだ</a>

我々を忘却の彼方へと追いやり
眠りこけている連中を叩き起こそう
髪の毛をつかんで引きずり降ろし眼を開けさせ思い出させよう

連中に恐怖の味を思い出させてやる
連中に我々の軍靴の音を思い出させてやる

天と地のはざまには奴らの哲学では思いもよらない事があることを思い出させてやる</blockquote>

の「連中」と言われている気がして、いつ髪の毛をつかんで引き摺り下ろされるのか怯えます。

Adaプログラマーは、そういう古強者だと私は信仰している。","2009-02-18 23:51:00","2009-02-19 00:01:57"
"4063","Debian Lennyリリース","<blockquote><a href=""http://www.debian.or.jp/blog/debian50r0.html"">Debian JP Project - 最近の話題</a>

以前のリリースから約２年近くを経て、Debian GNU/Linux 5.0 コードネーム “Lenny” が 2009/02/14、ついにリリースされました (日本時間 2/15 にユーザから見えるようになっています)。</blockquote>

ヒャッハー！Lennyだー！

毎度お馴染み、アップグレード前に熟読。

<a href=""http://www.debian.org/releases/lenny/i386/release-notes/"">Debian GNU/Linux 5.0 (lenny) リリースノート (Intel x86 用)</a>","2009-02-17 02:03:00","2009-02-17 02:04:29"
"4062","Abstract Cemeteryパターン","仕事のRailsアプリのコード書いてて思ったんですが、ここ2年ぐらい、StoneShop（石材店）モデルとかCemeteriesController（霊園コントローラー）とかReligionsHelper（宗教ヘルパー）ばっかり書いてるなって・・・。

自分の中でパターン的なものが勝手にできつつあるんですが、共有する相手は少なそうです。","2009-02-15 20:40:00","2009-02-15 20:53:00"
"4061","Redmine","*Redmine 0.8.0*

* SQLiteだとうまくいかない（MySQL使う）
* .htaccessはいらない","2009-02-14 05:53:00","2009-02-14 17:06:31"
"4060","PukiWikiからGoogleサイトへの移行方法？","PukiWikiからGoogle Apps版Googleサイトにデータを移行する一番てっとり早い方法は何ですかね・・・。

「Googleサイト側にAPI無いんだからコピペするしか無いか」

などと考えていたんですが、予想以上に移行予定のPukiwikiのページ数が多かった・・・。

komagataの悲しみが鬼なった。","2009-02-14 03:44:00","2009-02-14 03:47:50"
"4059","Google AppsアカウントはOpenID対応してない","<blockquote><a href=""http://code.google.com/intl/ja/apis/accounts/docs/OpenID.html"">OpenID for Google Apps - Account Authentication API - Google Code</a>

Note: OpenID authentication is currently only supported for Google accounts, not Google Apps (hosted) accounts.</blockquote>

「<a href=""/4017"">ITベンチャー勝ち組セット</a>」などとほざいてましたが、まさにGoogle Appsマンセー状態でGmail、Googleカレンダー、Googleサイトなどに依存しまくってます。（WikiはRedmineのよりGoogleサイトの方がよさそうです。）

なんかちょっと社内アプリ作るなら面倒なのでGoogle Appsのアカウントを使いたいなあと思ったんですが、普通のGoogleアカウントだけでGoogle AppsアカウントはOpenID対応してないんですね。がっかり・・・。

Google Appsアカウントにまとめると何が便利って、入社・退職の処理が簡単になるからです。なるべく自動化したいなあ。","2009-02-12 23:07:00","2009-02-12 23:14:54"
"4058","最新の神様","日本ではありとあらゆるものに神様が宿るという考えがあります。

でも最新の神様はあんまり皆さんご存じ無いんじゃないでしょうか？
丁度良い機会なのでいくつかご紹介したいと思います。

*最新の八百万の神（信仰を集めてる順）*

* printfの神
* Visual SourceSafeの神
* <a href=""http://ja.wikipedia.org/wiki/Mach-O"">Mach-O</a>の神
* find . -name \* -exec rm {} \;の「{}」の部分の神
* mail.force_extra_parametersの神

最後のは邪神です。怖い。","2009-02-06 01:28:00","2009-02-06 01:55:37"
"4056","XREAの障害時の対応に関して","<pre>ユーザがサーバ障害・不具合を認識
　│
　├───┐
　│　　ユーザがユーザ掲示板に書き込み
　│　　　↓
　│　　xrea 側からの反応一切無し
　│
　│
　├───┐
　│　　ユーザが value-domain のお問い合わせフォームから問い合わせ
　│　　　↓
　│　　サポート受付担当者からテンプレートな返事にて
　│　　担当部門が緊急対応をしており、
　│　　受付担当者は受付が担当の為、詳細の状況は何も返答できず、
　│　　ユーザ掲示板にを活用しつつ待つようにと返答
　│　　　↓
　│　　ユーザがユーザ掲示板に書き込み
　│　　　↓
　│　　xrea 側からの反応一切無し
　│
　│
　├───┐
　│　　ユーザが digirock のコンタクトフォームからお問い合わせ
　│　　　↓
　│　　digirock 側からの反応一切無し
　│
　│
　└───┐
　　　　ユーザが digirock の代表電話番号へ電話
　　　　　↓
　　　　留守番電話に切り替わり、人が電話に出ず</pre>

<blockquote><a href=""http://sb.xrea.com/showpost.php?p=87676&amp;postcount=22"">XREA&amp;CORE SUPPORT BOARD - View Single Post - FTP障害・メール障害の原因は逆引きDNSの不具合？</a>

以上のことから、サポート受付担当は、障害・不具合を認識しているが、
サーバ管理担当者やネットワーク管理担当者が、何をしているのか、
ユーザには、何も報告されず、何も分からない状況。
ユーザは、不具合の状態のまま、ただ待つのみ。
xrea に見切りを付けたユーザは、xrea 以外のレンタルサーバに移動を始めている模様。

サポート受付担当者は担当部門が緊急対応を
行っていると言うが、不具合があまりも長時間にわたるため、
サーバ管理担当者やネットワーク管理担当者が、実際何をしているのか全く分からない。</blockquote>

XREAが5日ぐらい障害中。（エクスリアって読むらしいですよ！）

技術的な問題だけでなく、サポート体制や組織内の意思疎通も正常な状態ではないように思えます。

個人向けサービスと考えて、仕事では同じレンジの用途では別のサーバーを探そうと思いました。","2009-02-06 01:02:00","2009-02-06 01:23:05"
"4057","opensslの辰","年末やったSSLの証明書が先月末切れた！？

設定ミス？

もはやこれまで！

さあopenssl genrsa ... と刺青を彫ろうか、と思ったが、お金の支払いの問題で切れただけだった。（支払いは俺がやってないので）

よかった。銭湯行けなくなるとこだったよ・・・。

関連：<a href=""/3977"">もう2度とハマらない！SSL証明書の設定</a>","2009-02-06 01:17:00","2009-02-06 01:22:16"
"4055","スピリチュアルプログラミング","<a href=""http://d.hatena.ne.jp/dandaso/"">id:dandaso</a>に「3日ワイアードに凸る」というメッセを受けて行って来ました。<a href=""http://d.hatena.ne.jp/perezvon/"">id:perezvon</a>と合流してワイアードさんに。広くて綺麗なオフィス。そのあと3人プラス<a href=""http://d.hatena.ne.jp/p4life/"">id:p4life</a>さんで飲み行きました。

そこの場で出た、

「スピリチュアルプログラミング・スピリチュアル系プログラマー」

という概念をまとめておきたいと思いました。

*スピリチュアルプログラミングとは*

オカルトによってコードの持つ本来の力を高める方法論である。追い詰められたプログラマーならば誰しも感じたことのある「小人」や「妖精」の存在もコードに宿る八百万の神の一部である。

*コード力が高まる行為*

* *祈る*
もっとも基本的な行為。一心不乱に祈ることでバグ発生率を抑える。
（ぬるぽの神、セグフォの神、OOM Killerの神などに祈る）
* *強い信念*
バグは作っていない。というか今までバグを書いたことが無いというぐらいの気骨が重要です。
* *徹夜する*
徹夜をすると絶対動くんだ。むしろ動かないと俺が死ぬ！という強い思いがコードに注入されます。一行入魂。

*コード力が低下する行為*

* *ブランチを切る*
ブランチを切ることでコードに集まるパワー（バグ出るなという想い）が分散してしまいます。
* *テストをする*
テストは唯一無二のコードの動作に対する疑いにつながります。絶対に動くという強い意思を持ちましょう。
* *コードをジェネレートする*
コードをコンピューターごときに書かせてはいけません。手書きにこそ強い念が篭るのです。

スピリチュアルプログラミングはポッと出のTDD/BDDなどに比べて数千年の歴史があります。

みなさんも、スピリチュアルプログラミングにチャレンジしてみるか、もしくは反面教師としてはいかがでしょうか。","2009-02-04 01:09:00","2009-02-04 12:26:32"
"4054","Windowsのメール製品に混乱","「パソコンが動かない」という留守電を受けて実家へ行ってきました。

実家のパソコンはVAIO type-N N51B。フツーのVistaのノートです。確か１０万ぐらいでした。

<table><tr><td><a href=""http://www.amazon.co.jp/exec/obidos/ASIN/B000QUUGEY/p0t-22""><img src=""http://ecx.images-amazon.com/images/I/21eZP0E3oBL._SL160_.jpg"" width=""150"" height=""112"" alt=""ソニー(VAIO) VAIO typeN N51B Office2007/Vista Home Premium VGN-N51B"" title=""ソニー(VAIO) VAIO typeN N51B Office2007/Vista Home Premium VGN-N51B"" border=""0""/></a></td><td><ul><li><a href=""http://www.amazon.co.jp/exec/obidos/ASIN/B000QUUGEY/p0t-22"">ソニー(VAIO) VAIO typeN N51B Office2007/Vista Home Premium VGN-N51B</a></li><li>ソニー</li><li>ソニー</li><li>定価：</li><li>新品価格：￥ 134,774</li><li>ASIN：B000QUUGEY</li></ul></td></tr></table>

電源入れてみると、「ログインマネージャーが立ち上がりません」的なメッセージと、C++ランタイムライブラリのエラーでエクスプローラーが立ち上がらない。セーフモードも同じ。

Linuxで言ったら、GDMエラーとGTK+のエラーみたいな状態？ログはどこに書かれてるんだろうとか思いましたが、深追いせず、UbuntuのCDで立ち上げてデータを救った後、リカバリしました。

最近のパソコンには<a href=""http://ja.wikipedia.org/wiki/Windows_%E3%83%97%E3%83%AC%E3%82%A4%E3%83%B3%E3%82%B9%E3%83%88%E3%83%BC%E3%83%AB%E7%92%B0%E5%A2%83"">WindowsPE</a>とかいう組み込みWindowsがリカバリで起動するらしくて、えらい楽でした。

ただ、ハマッたりはなかったんですが、リカバリとWindows Updateは単純に10時間ぐらいかかりました・・・。

それと、両親にはHotmailを規定のメールソフトとして使ってもらってたんですが、勝手にアップデートされた（そう操作したんだろうけど）のでメールが使えなくなった。と言っていた。

Outlook Express、Windows Mail、Windows Live Mail、Windows Live Hotmailと似たようなソフト／名称がありまくって混乱。

実装も、Windowsネイティブ、ASP.NETベース？、SilverLightベース？と良くわからん状態。

正確に言うと、Windows Live Hotmailを「規定のメールクライアント」にしたい（UIが変わると親が混乱するので）のだが、出来ない。

Windowsネイティブの「Windows Mail」か、Webアプリをローカル化した「Windows Live Mail」のどっちかを使えということらしい。

Windows Live hotmailのURLショートカットをデスクトップに置いて使ってもらうことにした。

また、データ紛失が怖いというのでDropboxを設定してきた。バックアップや同期の概念は分かりづらいと思うので、今度また説明する必要があるなと思った。","2009-02-01 23:28:00","2009-02-02 13:11:48"
"4053","ニッチ製作者の引退を止めたい","オープンソースソフトの作者の方、ニコニコ動画などでの動画の作者の方、オモシロテキストを書いてくれる方。

月にこのぐらい儲かればバージョンアップができる、月にこのぐらい儲かれば動画を週１でアップできる、月にこのぐらい儲かれば毎日更新できる。

Paypalなどを使って、寄付というより、複数人の利用者　対　作者で、金額　対　成果物の基準のテンプレみたいのを作って、両方が幸せになれる仕組みはできないものかと・・・。

主に、ニッチなソフトや動画作成者の方は社会人になると同時にほぼその活動から引退されます。（生活のために当たり前です）

それが私は嫌なのです。少々の金を払ってもあなた方のニッチに暴走した作品が使いたいのです。見たいのです。","2009-01-26 01:46:00","2009-01-26 02:00:16"
"4052","買い物難民","# ディシディアファイナルファンタジーを買いました。6000円ぐらいでした。埃被ったPSPに入れて電源を入れると、ファームウェアのバージョンアップをしないとプレイできない旨のメッセージ。バージョンアップしようとするとバッテリーが足りない旨のメッセージ。辞めました。
<table><tr><td><a href=""http://www.amazon.co.jp/exec/obidos/ASIN/B001GXQQTE/p0t-22""><img src=""http://ecx.images-amazon.com/images/I/41SMzHKq1cL._SL160_.jpg"" width=""96"" height=""160"" alt=""ディシディア ファイナルファンタジー(特典なし)"" title=""ディシディア ファイナルファンタジー(特典なし)"" border=""0""/></a></td><td><ul><li><a href=""http://www.amazon.co.jp/exec/obidos/ASIN/B001GXQQTE/p0t-22"">ディシディア ファイナルファンタジー(特典なし)</a></li><li>スクウェア・エニックス</li><li>スクウェア・エニックス</li><li>定価：￥ 6,090</li><li>新品価格：￥ 4,645</li><li>中古価格：￥ 4,300</li><li>ASIN：B001GXQQTE</li></ul></td></tr></table>
# <a href=""http://f-pig.blogspot.com/"">kawadu</a>と飲みました。7000円ぐらいでした。楽しかった。
# 注文してたノート（Thinkpad x61）用のメモリ（2GB）が届きました。2000円ぐらいでした。OSが4GBを認識できないそうで、意味ありませんでした。
<table><tr><td><a href=""http://www.amazon.co.jp/exec/obidos/ASIN/B0019DIPYK/p0t-22""><img src=""http://ecx.images-amazon.com/images/I/31akUrBJIkL._SL160_.jpg"" width=""160"" height=""160"" alt=""上海問屋セレクト ノートパソコン用メモリ PC2-5300 DDR2 SODIMM 2GB"" title=""上海問屋セレクト ノートパソコン用メモリ PC2-5300 DDR2 SODIMM 2GB"" border=""0""/></a></td><td><ul><li><a href=""http://www.amazon.co.jp/exec/obidos/ASIN/B0019DIPYK/p0t-22"">上海問屋セレクト ノートパソコン用メモリ PC2-5300 DDR2 SODIMM 2GB</a></li><li>上海問屋</li><li>上海問屋</li><li>定価：</li><li>新品価格：￥ 1,999</li><li>ASIN：B0019DIPYK</li></ul></td></tr></table>
# 6000円ぐらいで買ったUSBバーコードリーダーを試しました。本のバーコードを読んでみると、「ISBNの数字とリターンキー」を入力したのと同じことになりました。これは色々使えそうです。
<table><tr><td><a href=""http://www.amazon.co.jp/exec/obidos/ASIN/B000923I4E/p0t-22""><img src=""http://ecx.images-amazon.com/images/I/41DF0JHTRBL._SL160_.jpg"" width=""160"" height=""89"" alt=""エフケイシステム CCDバーコードリーダー USBインターフェイス TSK-U"" title=""エフケイシステム CCDバーコードリーダー USBインターフェイス TSK-U"" border=""0""/></a></td><td><ul><li><a href=""http://www.amazon.co.jp/exec/obidos/ASIN/B000923I4E/p0t-22"">エフケイシステム CCDバーコードリーダー USBインターフェイス TSK-U</a></li><li>レイ・アウト</li><li>レイ・アウト</li><li>定価：</li><li>新品価格：￥ 6,300</li><li>ASIN：B000923I4E</li></ul></td></tr></table>
# ニコニコ動画を見ました。月額525円のプレミアム会員料金を払っています。板東英二の動画で笑いで涙が出ました。またRULE of ROSEのゲーム実況動画を見始めました。とても先が楽しみです。
<iframe width=""312"" height=""176"" src=""http://ext.nicovideo.jp/thumb/sm5884164"" scrolling=""no"" style=""border:solid 1px #CCC;"" frameborder=""0""><a href=""http://www.nicovideo.jp/watch/sm5884164"">【ニコニコ動画】板東英二のパーフェクトプロ野球教室</a></iframe>
<iframe width=""312"" height=""176"" src=""http://ext.nicovideo.jp/thumb/sm3336852"" scrolling=""no"" style=""border:solid 1px #CCC;"" frameborder=""0""><a href=""http://www.nicovideo.jp/watch/sm3336852"">【ニコニコ動画】【訛り実況】 RULE of ROSE　Vol：01</a></iframe>

ここのところ、金銭感覚というか、お金に関する基準があやふやで、自分自身の買い物に対する評価が出来ません。

商品にかけられた手間、商品からうける影響、自分の満足度、消費される時間、など色々な要素があると思うんですが、それらに関するモデルが自分の中に無い感じです。

みなさんは上記の買い物に関して「良い」「悪い」で言ったらそれぞれどう思われるでしょうか。

判断基準なども教えていただけると参考になります・・・。","2009-01-26 01:12:00","2009-01-26 01:43:46"
"4051","ステージング環境認証問題","この前書いた<a href=""/4050"">この</a>問題。

長いので以下<a href=""/4050"">ステージング環境認証問題</a>と言うことにします。

（ステージング環境については<a href=""/3912"">こちら</a>）

元エントリーにもコメントをいただき、大変参考になりました。僕の場合、３日考えて良い解決法が見つからない時は大抵１ヶ月かかっても見つからないのでブログに書いたり人に助けを求めたりします。（サーセン・・・）

今回もそれを実行したところ<a href=""http://d.hatena.ne.jp/dandaso/"">id:dandaso</a>にナイスアイデアを頂きました。（Thanks!）

皆様方におかれましては、

「そんなに悩むところか？」

感が否めないかもしれませんが、僕と同じく悩んだ方がいて、参考になったりすれば幸いです。

*ステージング環境認証問題対応方法*

一言で言うと、「クッキーの値で認証する」ということです。

*foo*というアプリがあるとして、まず、下記のようなBASIC認証をがかかった認証用クッキーを設定するプログラムを見えないとこに置きます。（PHPが便利でした）

<pre><code><?php
$user = 'foo';
$pass = 'bar';
$realm = 'foo';

if ($_SERVER['PHP_AUTH_USER'] === $user and $_SERVER['PHP_AUTH_PW'] === $pass):
    setcookie($realm, sha1($pass));
    header('Location: /');
else:
    header(""WWW-Authenticate: Basic realm=\""{$realm}\"""");
    header(""HTTP/1.0 401 Unauthorized"");
?>
<html>
  <head>
    <title>Authentication</title>
  </head>
  <body>
    <h1>Authentication</h1>
    <p>正しいユーザー名とパスワードを入力してください。</p>
  </body>
</html>
<?php endif ?></code></pre>

本来、問題になっているアプリ「foo」に上記のアプリのAliasを張ります。（上記をfooのリポジトリに入れたくないので）

<pre><code><VirtualHost *:80>
  ServerName foo
  Alias /auth /path_to/auth.php
...(snip)...
</VirtualHost></code></pre>

fooのアプリのApplicationControllerでlogin_required（本来のBASIC認証）より先にcookieを見て認証します。（認証失敗したらさっきのPHPにリダイレクトする）

<pre><code>require 'digest/sha1'
 
class ApplicationController < ActionController::Base
 
...(snip)...
 
  before_filter :cookie_auth_required if $STAGING

  def cookie_auth_required
    redirect_to ""/auth"" unless cookies[""foo""] == Digest::SHA1.hexdigest(""bar"")
  end
end</code></pre>

ステージング環境でのみこの認証を追加したいので、capの設定ファイルにステージング環境用フラグを追加するタスクを書きます。（フラグの書き方、もっとキモくない方法しりたいです・・・）

config/deploy/staging.rb:

<pre><code>namespace :deploy do
  desc 'Added staging flag in production.rb'
  task :before_restart do
    run ""echo '$STAGING = true' >> #{current_path}/config/environments/production.rb""
  end
end</code></pre>

これで http://foo/auth というURLと foo / bar というID/PASSをお客さんに教えることでステージング環境を認証有りで確認してもらうことができました。

お客さんの手間と本来のアプリのリポジトリの影響を最小限にしたいがためにこんな形になりました。

ブラウザを閉じるまでの間、cookie内にパスワード（のハッシュ）があるので大事な認証に使うのは辞めた方がいいと思います。利便性とのトレードオフで今回の自分ような、見られても致命的な影響が無いものならいいかなと思いました。

Apacheの設定とかでcookieの値を見てはじければ、fooから認証コードが取れてもっとよさげです。そういうモジュールとか無いのかな？引き続き模索してみます。

参照
* <a href=""/4050"">お客さんへの確認環境の認証方法について</a>
* <a href=""/3912"">capistrano-extでステージング環境にデプロイ</a>","2009-01-25 20:18:00","2009-01-25 21:15:52"
"4050","お客さんへの確認環境の認証方法について","お客さんにWebサイト作成の進行状況を確認してもらうための環境をBASIC認証をかけて公開することがよくあります。（本番とは別）

しかし、Railsのrestful_authenticationプラグインだとユーザー認証にBASIC認証を使うために、apache側でかけたBASIC認証と二重になってしまってうまくありません。（ユーザー認証がBASIC認証だというのは理に適っていて辞めたくない感じです）

IP制限を使ってましたが、確認してもらうお客さんが複数いたり、IPが一定しないと使い勝手がよくありません。

プロクシなどは一般のお客さんに使ってくれと言うのは厳しいです。

こういうとき皆さんどうしてますか？

追記：

こういう対応になりました・・・。

* <a href=""/4051"">ステージング環境認証問題</a>

","2009-01-20 22:34:00","2009-01-25 21:10:42"
"4049","兼業自宅警備員","<blockquote><a href=""http://d.hatena.ne.jp/elm200/20090116/1232094575"">ベトナムに戻ります - Rails で行こう！</a>

しかしなあ・・・。くだらない話、もし私が最上流工程を担当するとなったら、スーツを着て、東京で堅苦しい生活を送らなければならないだろう・・・とほほ（苦笑）。それが私のボヘミアン（放浪者）な部分とうまく整合しないのである。このジレンマにはこの10年間悩まされてきた。そろそろケリをつけるべきときだろうが、どうしたらものやら。</blockquote>

海外のベンチャーだとチラホラ聞くけど、日本でもまったく会わないでSCMとBTSとSkypeだけで開発することできないのかな。

rono23はボリビア（南米）好きだというので、

「南米からコミットして円稼いだら？」

などという話をするんだけど、自宅警備員とかもこうやって働けないかな。

具体的にはRedmineのチケットの「*予定工数*×*時給*」を受け取るという・・・。

自社サービスの場合はちゃんと個人情報を隔離すれば無理では無さそうな気がする。自分で金払えるようになったら試してみたい。","2009-01-20 21:46:00","2009-01-20 22:02:44"
"4047","6000円ストア","<a href=""http://astore.amazon.co.jp/p0t-22"">6000円ストア</a>作りました。

参照：<a href=""http://docs.komagata.org/4041"">6000円の法則 - p0t</a>","2009-01-19 16:01:00","2009-01-19 16:02:18"
"4046","CakePHPで出来たフォトブログ - Cheesecake Photoblog","参考になるCakePHPのアプリのソースを探してCakeforgeのCheesecake Photoblogというのをインストールしてみました。

<blockquote><a href=""http://cakeforge.org/projects/cheesecake/"">CakeForge: Cheesecake Photoblog: Project Info</a>

A simple to setup and use Photoblog using cake which has theming, tags, comments and archive browsing using several options. more information on http://cheesecake-photoblog.org</blockquote>

CakeforgeでCakePHP自身の次にダウンロードされてるそうです。最新安定板である1.5.1 Stableを使ってみました。

<blockquote>Quick Start
 
1. Untar and upload the entire contents of the tarball in a folder of your liking on your website
2. Go to http://yourdomain.com/path_to_your_cheesecake_install/install/ and follow the instructions on screen</blockquote>

インストール方法はREADMEの通り簡単ですが、下記を直さないと画面真っ白です。

<pre><code>diff app/views/layouts/default.thtml{,.org}
15c15
< <script type='text/javascript'></script>
---
> <script type='text/javascript'></code></pre>

<a href=""http://www.flickr.com/photos/komagata/3206409156/"" title=""cheeseCake - alpaka mini by komagata, on Flickr""><img src=""http://farm4.static.flickr.com/3498/3206409156_bc08ebf1d8.jpg"" width=""500"" height=""483"" alt=""cheeseCake - alpaka mini"" /></a>

普通のフォトブログですが、テーマをサポートしてたり、CakePHPをベースにオープンソースソフトを作る参考になりそうです。","2009-01-18 21:26:00","2009-01-18 21:34:37"
"4045","森ガール","<a href=""http://www.flickr.com/photos/komagata/3196701220/"" title=""皇太子様がこのスレに御興味を持たれたようです。 by komagata, on Flickr""><img src=""http://farm4.static.flickr.com/3414/3196701220_35cae0934d_o.png"" width=""247"" height=""231"" alt=""皇太子様がこのスレに御興味を持たれたようです。"" /></a>

皇太子様がこの森ガールに御興味を持たれたようです。","2009-01-14 19:17:00","2009-01-14 20:51:45"
"4043","Remedie - Debian etch","朝から

「remedieというものがあるらしいけど、ニコ厨ってだけで致命的なのに、あんな便利そうなものを使い出したらおれは仕事をせずに餓死するから使いません。」

という話をしたら、<a href=""http://rono23.blogspot.com/"">rono23</a>が熱心に仕事してる振りしてMacにremedie入れて俺に自慢してきた。

そんなもん見せられて入れないでいることができるわけがない。もし俺が餓死したらあんた殺人者だぞ。

ということでremedie入れてみた。

*Debian etchにremedie*

gitは入ってるのでclone（etchで新しいgitを使う場合は<a href=""/4032"">こちら</a>）

<pre><code>git clone git://github.com/miyagawa/remedie.git</code></pre>

LibXML2関係に必要なのでlibxml2-devを入れる。

<pre><code>sudo apt-get install libxml2-dev</code></pre>

CPAN祭り（HTTP::Engineだけテスト通らなかったのでforce）

<pre><code>sudo perl -MCPAN -e shell
install Bundle::CPAN
install Module::Install
install Feed::Find
install FindBin::libs
force install HTTP::Engine
install Image::Info
install JSON::XS
install Log::Log4perl
install MIME::Types
install MooseX::ConfigFromFile
install MooseX::Getopt
install Path::Class
install Rose::DB
install Rose::DB::Object
install String::CamelCase
install XML::RSS::LibXML
install DBD::SQLite
install Log::Dispatch
install File::Find::Rule
install XML::Atom
install XML::Feed
install Template
install DateTime::Format::ISO8601
install MooseX::ClassAttribute
install File::Find::Rule::Filesys::Virtual
install HTML::ResolveLink
install HTML::Selector::XPath
install YAML::Syck
install Cache::FileCache
install Web::Scraper
install HTML::Scrubber
install Path::Class::Unicode
install Text::Tags::Parser
install String::ShellQuote
install XML::OPML::LibXML
install Module::Install::AuthorTests
install Date::Parse
install XML::LibXML::Simple
install DBI</code></pre>

DBD::SQLiteがおかしいのでDBD::SQLite::Amalgamationを使う。

<pre><code>svn co http://svn.coderepos.org/share/lang/perl/DBD-YASQLite/trunk/ ./DBD-YASQLite
cd DBD-YASQLite
cat PLEAAAAAAAAAAASEEEEEE_READDDDDDDDDDDDDDD_MEEEEE
THIS IS FORK VERSION OF DBD::SQLite, DBD::SQLite::Amalgamination.
I want to use it, but DBD::SQLite doesn't maintained by maintener.
DBD::SQLite has a lot of known bugs.
perl Makefile.PL
make
make test
sudo make install</code></pre>

心の叫びを無視して続けます。

<pre><code>cd ../remedia
perl Makefile.PL
make
make test
perl -Ilib ./bin/remedie-server.pl</code></pre>

http://localhost:10010 で起動した。
ワーオ。

<a href=""http://www.flickr.com/photos/komagata/3193913779/"" title=""remedie by komagata, on Flickr""><img src=""http://farm4.static.flickr.com/3097/3193913779_fe09f6823c.jpg"" width=""500"" height=""263"" alt=""remedie"" /></a>

*Apacheからremedieに転送*

ローカルではApache使ってるのでremedieからlocalhost:10010にmod_proxyで飛ばす設定をしました。

<pre><code>sudo a2enmod proxy
sudo a2enmod proxy_http
sudo vi /etc/apache2/sites-avalable/remedie
<VirtualHost *:80>
  ServerName remedie
  DocumentRoot /var/www/
  CustomLog /var/log/apache2/remedie-access.log combined
  ErrorLog /var/log/apache2/remedie-error.log
  ProxyPass / http://localhost:10010/
  ProxyPassReverse / http://localhost:10010/
</VirtualHost>

sudo a2ensite remedie
sudo /etc/init.d/apache2 reload</code></pre>

mod_proxy_httpをロードしなければいけないというところでハマりました。

あとproxy.confでAllow from allしておく。
（coLinuxの中なのでWindowsからしかアクセスできないので適当）

<a href=""http://www.flickr.com/photos/komagata/3194765478/"" title=""remedie2 by komagata, on Flickr""><img src=""http://farm4.static.flickr.com/3079/3194765478_729a438c9a.jpg"" width=""500"" height=""349"" alt=""remedie2"" /></a>

いぃぃやっほう！
アクセスし易くなった。

*自動起動*

ローカルなので自動起動して欲しい。
本来デーモン化して/etc/init.d/skel を元に起動スクリプトちゃんと書くところだけど面倒だし終了時は毎回シャットダウンなので適当なスクリプトを置きました。

（多分daemonizeみたいなのがあって簡単にdaemon化できるんだとおもうんだけどperlスキルが大昔で止まっているのでいじれない・・・）

<pre><code>sudo vi /etc/init.d/remedie
#!/bin/sh
cd /home/komagata/works/remedie/
nohup perl -I/home/komagata/works/remedie/lib /home/komagata/works/remedie/bin/remedie-server.pl &

sudo update-rc.d remedie defaults 99 1</code></pre>

これでcoLinux野郎も安心。
全体を通してremedie を *remedia* だと思ってたところが一番ハマりました。（何て発音すんの？）

このページをブラウザのトップに設定するのは仕事に深刻な影響が出そうです。

とはいってもあまりにも便利過ぎる。俺は餓死するだろう。

参考
* <a href=""http://overlasting.dyndns.org/2009-01-07-1.html"">これから15分で Remedie を始めるための資料</a>
* <a href=""http://httpd.apache.org/docs/2.2/ja/mod/mod_proxy.html"">mod_proxy - Apache HTTP サーバ</a>","2009-01-14 02:15:00","2009-01-14 12:42:04"
"4042","年金","今日は朝から溜まった年金を払いに郵便局に行った。

瀕死の重傷を負った。おれは餓死する。

郵便局のサービスは良かった。銀行より気持ち荒々しく素早く客をさばいてくれた気がする。好感持ちました。","2009-01-13 23:25:00","2009-01-13 23:27:55"
"4041","6000円の法則","最近発見した買い物に便利なヒューリスティクスを紹介します。

「嗜好品の満足度は6000円に近づくほど上がる」

これを*6000円の法則*といいます。

もっと安い価格帯が普通のものでも、高いモノでも、満足度の高い商品は6000円に収束します。

*最近の観測*

* 電子レンジ：6,836円
<table><tr><td><a href=""http://www.amazon.co.jp/exec/obidos/ASIN/B000P9DUQ2/p0t-22/ref=nosim""><img src=""http://ecx.images-amazon.com/images/I/410RIfjBcmL._SL160_.jpg"" width=""160"" height=""99"" alt=""TWINBIRD 電子レンジ ホワイト（６０Ｈｚ） DR-4215W6"" title=""TWINBIRD 電子レンジ ホワイト（６０Ｈｚ） DR-4215W6"" border=""0""/></a></td><td><ul><li><a href=""http://www.amazon.co.jp/exec/obidos/ASIN/B000P9DUQ2/p0t-22/ref=nosim"">TWINBIRD 電子レンジ ホワイト（６０Ｈｚ） DR-4215W6</a></li><li>ツインバード</li><li>ツインバード</li><li>定価：￥ 12,600</li><li>新品価格：￥ 6,450</li><li>ASIN：B000P9DUQ2</li></ul></td></tr></table>
* 掛け布団：5,980円
<table><tr><td><a href=""http://www.amazon.co.jp/exec/obidos/ASIN/B000OVIIQI/p0t-22/ref=nosim""><img src=""http://ecx.images-amazon.com/images/I/41m8L7JGXxL._SL160_.jpg"" width=""160"" height=""103"" alt=""森のやすらぎ青森ヒバシリーズ　掛け布団「ストリア」150×210（シングルサイズ）グレイ"" title=""森のやすらぎ青森ヒバシリーズ　掛け布団「ストリア」150×210（シングルサイズ）グレイ"" border=""0""/></a></td><td><ul><li><a href=""http://www.amazon.co.jp/exec/obidos/ASIN/B000OVIIQI/p0t-22/ref=nosim"">森のやすらぎ青森ヒバシリーズ　掛け布団「ストリア」150×210（シングルサイズ）グレイ</a></li><li>イケヒコ・コーポレーション</li><li>イケヒコ・コーポレーション</li><li>定価：￥ 6,481</li><li>新品価格：￥ 5,980</li><li>ASIN：B000OVIIQI</li></ul></td></tr></table>
* 詳解 Linuxカーネル 第3版：6,930円
<table><tr><td><a href=""http://www.amazon.co.jp/exec/obidos/ASIN/487311313X/p0t-22/ref=nosim""><img src=""http://ecx.images-amazon.com/images/I/418I6s7Eq-L._SL160_.jpg"" width=""124"" height=""160"" alt=""詳解 Linuxカーネル 第3版"" title=""詳解 Linuxカーネル 第3版"" border=""0""/></a></td><td><ul><li><a href=""http://www.amazon.co.jp/exec/obidos/ASIN/487311313X/p0t-22/ref=nosim"">詳解 Linuxカーネル 第3版</a></li><li>オライリー・ジャパン(2007-02-26)</li><li>オライリー・ジャパン</li><li>(監修)高橋 浩和</li><li>(翻訳)杉田 由美子</li><li>(翻訳)清水 正明</li><li>(翻訳)高杉 昌督</li><li>(翻訳)平松 雅巳</li><li>(翻訳)安井 隆宏</li><li>定価：￥ 6,930</li><li>新品価格：￥ 6,930</li><li>中古価格：￥ 8,930</li><li>ASIN：487311313X</li></ul></td></tr></table>

ライフチェンジングな商品はいつも6000円なんですよ！
理由はさっぱりですが。

最近、新しいパソコンとか素敵な靴とか欲しいんですけど、

果たして自分にとって、*ホカホカご飯を提供してくれるあのデバイス*や、*冬場の安眠を大いにサポートしてくれた驚異の寝具*や、*コンピューターに対する考え方を一変させたバイブル*ほどの価値があるのか？

と考えてしまってなかなか買えません。

6000円なら買うんだけど・・・。","2009-01-10 18:01:00","2009-01-10 22:22:07"
"4040","騙されたと思ってやってみて！オリジナルscaffoldジェネレータ作成","以前、オリジナルのscaffoldジェネレーターを作るのがびっくりするほど簡単なことを知って、次のプロジェクトを始める時には必ずそれ用のscaffoldを作ってから始めようと思ってました。

プラグインの雛形を作る。名前は適当です。（YetAnotherScaffold）

<pre><code>script/generate plugin ya_scaffold</code></pre>

デフォルトのscaffoldをコピる。（下記の場所はDebianの場合）

<pre><code>mkdir -p vendor/plugins/ya_scaffold/generators
cp -r /usr/lib/ruby/gems/1.8/gems/rails-2.2.2/lib/rails_generator/generators/components/scaffold \
vendor/plugins/ya_scaffold/generators/ya_scaffold</code></pre>

ファイル名とクラス名を変える。

<pre><code>cd vendor/plugins/ya_scaffold/generators/ya_scaffold
mv scaffold_generator.rb ya_scaffold_generator.rb</code></pre>

これだけで同機能、別名のscaffoldジェネレータができる。

<pre><code>script/generate ya_scaffold Foo name:string ...</code></pre>

名前が変わっただけ。

中身を見ると、何を変えたらいいのか一目瞭然なので思う通りに変えられます。ジェネレートされるファイルのテンプレはERBなのでそれを弄るだけでも随分違います。

今回のプロジェクト用に吐かれるHTMLを弄ったり、new, editから共通の_formを使うようにしたり、i18nやpaginate入れたり、scaffold.cssやlayoutを作らないようにしたりと極簡単な変更しかしてないですが、作業の手間はかなり短縮できて嬉しいです。

こんな簡単だったらさっさと試してみればよかった。まことに遺憾です・・・。","2009-01-08 00:31:00","2009-01-08 00:52:50"
"4039","実家サーバーの障害が復旧","年末に実家に帰って設置したサーバー。無事設置出来たと思ったんですが、アパートに帰ってから接続しようとするとできない。

何が問題になったんだろう？と不思議に思いましたが仕方が無いので週末早々にも実家に戻って調査しなければと思い、実家にもその旨をメールしておきました。

すると実家の両親から留守電が。

「パソコンの音が五月蝿いと思って電源を切っていたけれど、また付けたので確認してみてください。」

つながるようになりました・・・。

実家を出るとき、口をすっぱくして電源を切らないように。コードを抜かないようにと言い含めてきたはずなんですが・・・。","2009-01-06 22:37:00","2009-01-06 22:44:13"
"4038","XEN - Debian LennyでXEN（Domain0）","*xen関連インストール*

<pre><code>sudo apt-get install xen-linux-system-2.6.26-1-xen-686 \
linux-headers-2.6.26-1-common-xen \
libc6-xen \
xen-tools \
bridge-utils</code></pre>

*xenの設定*

後で書く。（設定ファイルみれば大体分かる）

*domainU作成コマンドの設定*

後で書く。（設定ファイルみれば大体分かる）

*domainUが起動途中で固まる*

設定ファイルに extra='xencons=tty' を追加するといける。設定ファイルのテンプレートである下記のファイルに書いておくと楽。

<pre><code># /etc/xen-tools/xm.tmpl
extra = 'xencons=tty'</code></pre>

*domainU内で時間関係のメッセージが出まくる*

ntpdateを設定する。

参照：<a href=""/4033"">Debian - ntpdate</a>

ロケール・タイムゾーンを設定する。

<pre><code>sudo dpkg-reconfigure locales
sudo tzconfig</code></pre>

*sshでdomainUに接続できない*

「stdin is not a tty」と出てつながらないのでudevを入れる

<pre><code>sudo apt-get install udev</code></pre>","2009-01-06 02:01:00","2009-01-06 02:14:25"
"4037","間違い探し","<blockquote><a href=""http://ranonline.jp/gamedata/gamedata8_1.html"">RAN ONLINE</a>

*■ペットシステムとは？*

RAN ONLINEの世界では、ペットカードを購入し、ペットを召還することができます。
服を着せてお散歩したり、戦いのお手伝いもしてくれる可愛くて小さなお友達を、お供させてみませんか？ </blockquote>

<a href=""http://www.flickr.com/photos/komagata/3162754163/"" title=""akasan_strikes by komagata, on Flickr""><img src=""http://farm4.static.flickr.com/3266/3162754163_b60c8abf2d_o.jpg"" width=""415"" height=""482"" alt=""akasan_strikes"" /></a>

<a href=""http://jp.youtube.com/watch?v=FjtJFab-RZE"">YouTube - DOD 本当は怖い赤さん</a>

<object width=""320"" height=""265""><param name=""movie"" value=""http://www.youtube.com/v/FjtJFab-RZE&hl=ja&fs=1""></param><param name=""allowFullScreen"" value=""true""></param><param name=""allowscriptaccess"" value=""always""></param><embed src=""http://www.youtube.com/v/FjtJFab-RZE&hl=ja&fs=1"" type=""application/x-shockwave-flash"" allowscriptaccess=""always"" allowfullscreen=""true"" width=""320"" height=""265""></embed></object>","2009-01-04 01:00:00","2009-01-04 01:05:26"
"3962","さくらの専用サーバーエントリープランが良かった６つの理由（＋嫌な点３つ）（＋１）","<a href=""http://server.sakura.ad.jp/dedicated/entry/index.html"">さくらインターネットの専用サーバーエントリープラン</a>をサービス開始時からいくつかのサイトで使ったんですが、なかなか良かったのでオススメです。（別にさくらのまわしものじゃないです）

*良かった点*

# *安い*<br />初期費用無料。月額7800円。専用サーバーとしては相当安い。VPSなどと違い、他とリソースを共有しないのでサービスのプラットフォームとして安心できる。（全部自分の責任）
# *CentOS5.2*
とても無難。安定している。オープンソースでメジャーで引継ぎ等もスムーズ。
# *24時間有人監視・リブート無料*
深夜でもリブートしてくれ！といってやってくれるということ。意外と大事。
# *転送量課金無し*
そんなに必要とすることは無いけど、初めからうたわれていると安心。
# *IP逆引きやってくれる*
<a href=""http://support.sakura.ad.jp/support/rs/rs-domain.html"">ココ</a>のテンプレでメールするとやってくれる。
# *デフォルトの設定が良い*
申し込み時に最小構成、標準構成が選べ、最小構成の方はかなり素直で設定の土台にしやすい。PDFで仕様がきっちり書いてあるのも、とても良い。最小構成時のパッケージグループは下記。
** System Tools
** Japanese Support
** Dialup Networking Support
** Network Servers
** Miscellaneous Included Packages
** Mail Server
** Yum Utilities
** Development Tools
他には、SELINUXがDisable。iptablesは全部ACCEPT。rootのsshログインは禁止。ntpdがさくらのntp serverを見てる。

*嫌だった点*

# *Debianが使えない*
個人的嗜好によりDebian使いたい。DebianのOpenSSL脆弱性の時は逆にCentOSでよかったとガッツポーズしたが・・・。
# *RAIDが使えない*
オプションでいいからRAID1 or 5が使いたい。贅沢言い過ぎ？
# *申し込んでから開始まで結構時間がかかる*
申し込んでから１～２週間ぐらいかかる。そのあとCSR作ってSSL取ることを考えるともう少し早くして欲しい。人気あるからかな？
# *<a href=""http://slashdot.jp/it/article.pl?sid=08/12/19/0835205"">燃える</a>（追記）*
<a href=""http://dic.nicovideo.jp/a/%E4%BB%95%E6%96%B9%E3%81%AA%E3%81%84%E3%81%AD"">仕方ないね</a>・・・

僕のような個人か、小さな会社で受託開発するには安いし、とても素直な構成で向いているんじゃないかと思います。日本語でサポートが受けられるもの安心します。とても無難なのでサーバー選びの選択肢としてぜひ考えて欲しいと思います。

逆に自社サービスや、大規模サービス、尖ったサービスなどにはAmazon EC2が良いんじゃないでしょうか。","2008-10-26 11:40:00","2009-01-03 18:51:01"
"4036","安サーバー構築記２ - ソフトウェア設定編","安サーバー構築記のソフトウェア設定編です。
（<a href=""http://docs.komagata.org/4031"">ハード組み立て・回線契約編</a>は<a href=""http://docs.komagata.org/4031"">こちら</a>）

*ハード*

ハード面をまとめると、こんな感じです。

* <a href=""http://h50146.www5.hp.com/products/servers/proliant/ml115g5/qu.html"">HP ProLiant ML115 G5</a>
* メモリ8GB
* HDD 3.16TB(1.5TBx2, 160GBx1)
* 固定IP8

*ソフト構成*

* Xen3.2でDebian Lenny(testing)をDomain0としてDebian etchをいっぱい立てる。
* LVMを使ってみる。
* ファイルシステムにXFSを使ってみる。

*OSインストール*

ここ数年サーバー関係に事なかれ主義といいますか、適当にパーテーション切ってDebian stable入れておしまい、という感じでした。久しぶりなので使ったことがなかった上記３つにチャレンジしてみました。（勉強になりました！）

ML115 G5についてるオンボードのNICのBroadcom BCM5722は手持ちのインストーラー（debian4.0r5）だと認識されませんでした。新しいインストーラー（debian4.0r6 etch-and-a-half）だと認識しました。

<blockquote><a href=""http://www.debian.or.jp/using/release.html"">Debian JP Project - リリース情報</a>

*安定版(stable)*

(略）その代わり、セキュリティや致命的な不具合の修正でない限り、安定版の更新が行われることは基本的にありませんでした (たとえば新しいハードウェアへのインストーラやウィンドウシステムの対応など)。しかし、Debian 4.0r4 から「etch-and-a-half」と呼ばれる変更版も追加され、これによって新しいハードウェアへの対応が行われました。最もお勧めするリリースバージョンです。セキュリティアップデートなどをまとめた形で、定期的にマイナーリビジョンアップ (r番号) が行われることがあります。</blockquote>

安定版でもセキュリティ以外に追加があるリビジョンがあるんですね。

<blockquote><a href=""http://www.debian.org/volatile/index.ja.html"">Debian -- debian-volatile プロジェクト</a>

*debian-volatile とは何ですか?*

spam フィルタリングやウイルススキャンといった一部のパッケージは、変化し続ける目標を狙っており、データパターンを更新し続けたとしても、安定版リリースの間本当にずっと働き続けられるとは言えません。 volatile の主目標は、選択されたパッケージに対して不安定版を使うという不利益を被ることなく、システム管理者がシステムをより良く首尾一貫したやり方で更新できるようにすることです。このため、debian-volatile は、安定版のプログラムへの、機能を保持し続けるために必要な変更のみを含んでいます。</blockquote>

aptのsources.listにdebian-volatileという見かけないリポジトリのパスが追加されてるなと思ったら、こういうことなんすね。

*LVM*

今までややこしそうで避けてきたLVMを勉強してインストールしてみました。

普通のパーテーション： /boot, ext3, 100MB
物理ボリューム(PV)： 上記以外全部（sda2, sdb1, sdc1）
ボリュームグループ(VG): vg0（物理ボリューム全部）
論理ボリューム(LV):
/（ルートパーテーション）, arial-disk, xfs, 16GB
スワップ, arial-swap, swap, 512MB

とりあえず16GBほど使ってインストール。

arial-xxxxというのはマシン名から取りました。使える固定IP5個のマシン名は*読み辛いフォント名シリーズ*ということで、arial（アリアル）, lucida（ルーシダ）, courier（クーリエ）, verdana（ベルダナ）, helvetica（ヘルベティカ）にしました。

参考：<a href=""http://sasapanda.net/archives/1506"">フォントって声に出さないから調べてみた。 - Orbium -そらのたま-</a>

*XEN*

これまた避けてきたXenを勉強して入れてみました。（単体でメモリ8GB全部（4GB以上）を認識させるにはlinux-image-xxxxxx-bigmemなどのカーネルを使う必要があります）

etchにあるxenのカーネルというかモジュールは2.6.18-4なんですが、これだとまたオンボードNICを認識しないのでメーカーサイトからドライバを持ってくる必要がありました。

参考：<a href=""http://blog.jojo.jp/?eid=1133238/"">作業日報 | 【Debian】ML115_G5 NICドライバ(BCM5722)</a>

xen-create-image(+ debootstrap)コマンドを使ってdomainUのイメージを作り、立ち上げてみると・・・Invalid Argument?とかいうエラーで速攻で立ち上がらない。

いろいろ時間を費やした結果、わからないのでDebian Lenny(testing)で再インストールすることに・・・。

*Debian Lenny*

lennyのxenは3.2.1、xen入りカーネルは2.6.26。
これで勝つる！
etchのdomainUのイメージを作って起動してみたら行けました。

そもそも糞遅いドリホの移行先と2TBのファイルサーバーを作ろうというのが目的だったので２つしかいらないんですが、いろいろと試してみようと思います。（細かいハマリがいっぱいあったので別エントリでちょこちょこ上げていきたいと思います。）

<pre><code>sudo lvdisplay -C
  LV           VG   Attr   LSize   Origin Snap%  Move Log Copy%  Convert
  arial-disk   vg0  -wi-ao  14.90G
  arial-swap   vg0  -wi-ao 488.00M
  courier-disk vg0  -wi-ao 200.00G
  courier-swap vg0  -wi-ao   2.00G
  lucida-disk  vg0  -wi-ao   2.00T
  lucida-swap  vg0  -wi-ao   2.00G
  verdana-disk vg0  -wi-ao 200.00G
  verdana-swap vg0  -wi-ao   2.00G</code></pre>

*安サーバーを設置してみての感想*

今回は個人（実家）にサーバーを設置してみましたが、ベンチャーなどでもほぼそのまま使えるかと思います。（rsyncでバックアップを追加すればよいかと）

*残念だったこと*

* プロバイダーのZOOTは転送量を40GB/月ぐらいを目安と言ってること。
* 同じくOBP25B。
* オンボードNIC
* Domain0がetchで動かなかったこと。（なぜ意地でもDebianしか使わないのかは謎）
* Domain0は今後KVMに置き換わっていくらしいこと。
* *アレ*がついてなかったこと。
* 年内に終わらなかったこと。

*良かったこと*

* LVMが便利だったこと。
* Xenが便利だったこと。
* メモリ、HDDが糞安かったこと。
* 固定IPが便利だったこと。
* Lennyのインストーラーが再起動前にsources.listのCDの行をコメントアウトしてくれるようになったこと。
* 意外と場所を取らなかったこと。
* 意外と静かだったこと。
* 仕事に色々と役立ちそうだったこと。
* 色々勉強になったこと。
* おもろかったこと。

前回：<a href=""http://docs.komagata.org/4031"">安サーバー構築記１ - ハード組み立て・回線契約編</a>
発端：<a href=""http://docs.komagata.org/4017"">ITベンチャー勝ち組セット</a>","2009-01-02 18:58:00","2009-01-02 21:10:03"
"4031","安サーバー構築記１ - ハード組み立て・回線契約編","<a href=""http://docs.komagata.org/4017"">ITベンチャー勝ち組セット</a>で書いた安サーバーの構築記を書いていこうと思います。

実際買って設定してみたら上手くいかなかったなんてことがあるかもしれないので人柱の使命を果たす！

*ハード到着*

<a href=""http://www.flickr.com/photos/komagata/3148083502/"" title=""安サーバー機材一式 by komagata, on Flickr""><img src=""http://farm4.static.flickr.com/3115/3148083502_833596b374.jpg"" width=""375"" height=""500"" alt=""安サーバー機材一式"" /></a>

届いたもの一式。

１階のルーターから線を引っ張ってきて２階にサーバーを設置するので、長いLANケーブル、ハブ、電源タップ、ケーブルテープなども買ってきました。

*組み立て・設置*

<a href=""http://www.flickr.com/photos/komagata/3147253015/"" title=""安サーバー設置 by komagata, on Flickr""><img src=""http://farm4.static.flickr.com/3219/3147253015_59995338f2.jpg"" width=""375"" height=""500"" alt=""安サーバー設置"" /></a>

設置完了。
エレクターは家に元々ありました。

設置中に気付いたこと。

* ML115 G5はキーボード付いてたので別途買う必要無かった。
* ML115 G5のケースのもろもろの扱い易さは素晴らしかった。（特にHDD取り外しが楽！）
* マイナスドライバーが必要。
* ML115 G5は*アレ*が付いてないので買い足しに出かける必要があった。（実際、店の人に下記のようなイラストを見せて、「コレありますか？」と聞いた。通じた。）

<a href=""http://www.flickr.com/photos/komagata/3152759279/"" title=""are by komagata, on Flickr""><img src=""http://farm4.static.flickr.com/3247/3152759279_e20bd0e770_o.png"" width=""275"" height=""196"" alt=""are"" /></a>

*回線契約*

まず実家の回線はBフレッツにプロバイダーがBIGLOBEでした。固定IPがいくつか欲しいのでプロバイダーをINTERLINKのZOOT + IP8に切り替えました。

ZOOTはカード決済ならばオンラインで申し込んだその場で固定IPも使えるようになりました。（ZOOTはOutbound Port25 Blockingアリ）

またBIGLOBEの解約もしました。BIGLOBEの解約は分かり易く、オンラインですぐさま解約できました。糞面倒な手続きを覚悟していたので予想外の嬉しさです。（BIGLOBE++！）

固定IPはネットワークアドレス、ルーターアドレス、ブロードキャストアドレスで３つ使うので実質使えるのは５個です。

注意したいのが、固定IPには*Unnumbered機能*とかいうのに対応したルーターが必要ということです。

調べてみると、Unnumbered機能というのは、普通ルーターのWAN側にプロバイダから割り当てられたグローバルアドレスを設定し、LAN側にプライベートアドレス（192.168.0.1とか）を設定しますが、WAN側にグローバルを振らないで、LAN側にグローバルを振る機能だそうです。

なるほどねぇ～

実家のルーター、<a href=""http://corega.jp/prod/wlbargpxw/"">corega CG-WLBARGPXW</a>は対応してました。ヨカッタ。

ハブもcoregaです。<a href=""http://docs.komagata.org/2783"">何度か焼けたり</a>してますがまたcoregaの好感度アップです。（しかし無線LANルーターとハブの値段が変わらないとはこれいかに・・・）

続き：<a href=""http://docs.komagata.org/4036"">安サーバー構築記２ - ソフトウェア設定編</a>","2008-12-31 20:17:00","2009-01-02 21:02:14"
"4017","ITベンチャー勝ち組セット","<a href=""http://d.hatena.ne.jp/dandaso/"">id:dandaso</a>のオフィスにお邪魔させていただいて朝からガッチリ仕事！

オフィスはまったく無駄が無いですな。
ITベンチャーの勝ち組セットを教えてもらいました。

* <a href=""http://www.interlink.or.jp/service/flets/b/price.html"">ZOOT for Bフレッツ ＋ 固定IP8</a>（8,925円）
* IP8は全てXenに。
* サーバーはNTT-X StoreでHP ML115 G5とかその辺（11,750円）
* <a href=""http://kakaku.com/item/05200912059/"">DDR2 PC2-6400 2GB 2枚組</a>×2個＝8GB（7,978円）
* ヴァリュードメインでjpドメイン取得＋DNS弄り放題＋DNS4台（<s>660円</s>940円）
* メールはGoogle AppsのGmail（0円）
* スケジュール管理はGoogle AppsのCalender（0円）
* タスク管理はRedmine（Wikiもついてる）（0円）

うほっいいセット。

ITは手段というベンチャーの場合にこのセットと管理をしてくれる外注がいてくれたら楽じゃないかな。大企業の場合はIBMとかにポンと外注するけどそれのベンチャー版で担当するのは1人というイメージ。

月10万でメールサポート無料（緊急時現場出動は別途）みたいな感じならエンジニア1人雇うより安上がりで便利かも。

誰か俺に発注してくれないかなｗ

実家に設置してみました：
* <a href=""http://docs.komagata.org/4031"">安サーバー構築記１ - ハード組み立て・回線契約編</a>
* <a href=""http://docs.komagata.org/4036"">安サーバー構築記２ - ソフトウェア設定編</a>","2008-12-18 23:35:00","2009-01-02 20:53:14"
"4035","Ubuntu LiveCDでLVM設定","デフォルトだとlvm入ってない。

<pre><code>sudo apt-get install lvm2</code></pre>

コマンドは使えるようになるが、ブロックデバイスとか見えない。

<pre><code>sudo modprobe dm-mod</code></pre>

Device Mapperモジュールを有効にすればOK。

<pre><code>sudo lvdisplay -C
  LV           VG   Attr   LSize   Origin Snap%  Move Log Copy%  Convert
  arial-disk   vg0  -wi-ao  14.90G
  arial-swap   vg0  -wi-ao 488.00M
  courier-disk vg0  -wi-ao 200.00G
  courier-swap vg0  -wi-ao   2.00G
  lucida-disk  vg0  -wi-ao   2.00T
  lucida-swap  vg0  -wi-ao   2.00G
  verdana-disk vg0  -wi-ao 200.00G
  verdana-swap vg0  -wi-ao   2.00G</code></pre>","2009-01-02 11:29:00","2009-01-02 11:32:58"
"4034","Debian - pure-ftpd","UNIXユーザーと関係無いユーザーでアクセスできるFTPd。

Debian流だと設定方法がちょっと変。

<pre><code>sudo apt-get install pure-ftpd
sudo groupadd ftp
sudo useradd -g ftp -d /dev/null -s /bin/false ftp
sudo mkdir /home/ftp
sudo chown ftp.ftp /home/ftp
sudo chmod 755 /home/ftp
sudo pure-pw useradd share -m -u ftp -d /home/ftp
sudo pure-pw mkdb
sudo vi /etc/pure-ftpd/conf/PAMAuthentication
no

sudo ln -s /etc/pure-ftpd/conf/PureDB /etc/pure-ftpd/auth/50pure
sudo /etc/init.d/pure-ftpd restart</code></pre>","2009-01-02 11:27:00","2009-01-02 11:28:41"
"4032","Debian - backports","*etch backportsを使う*

<pre><code>sudo vi /etc/apt/sources.list
deb http://www.jp.backports.org etch-backports main contrib non-free
deb-src http://www.jp.backports.org etch-backports main contrib non-free</code></pre>

<pre></code>sudo apt-get update
sudo apt-get install debian-backports-keyring
sudo apt-get -t etch-backports install “package”</code></pre>

etchでvimやgitの新しいの使える。
","2009-01-01 20:10:00","2009-01-01 20:16:16"
"4030","komagata先生の来世にご期待下さい","<blockquote>y_: ダスカ強かったよな
komagata: <a href=""http://docs.komagata.org/4028"">http://docs.komagata.org/4028</a>
y_: ｓんｓ０
komagata: ｗｗｗｗｗｗｗｗｗｗｗｗｗ
komagata: うるせえ　ころすぞ！ｗ
y_: いやーここまでセンスを感じない馬券はじめてみたわ
komagata: おれセンス零？
y_: ざわざわなるくらい零だわ
komagata: Kyoroは　こいつをどうおもう・・・？
Kyoro: ｗｗｗｗｗｗｗｗｗｗｗｗｗｗｗｗｗｗ
Kyoro: コスモバルクｗｗｗｗｗｗｗｗｗｗｗｗｗ
Kyoro: なかなかやるなテメー
Kyoro: 俺とyagiがどんな事があっても買わない馬券だなそれ
komagata: 勝ったら　名古屋いって手羽先食う予定だったのになあ
Kyoro: たとえその馬以外の馬が全部心臓病患ってても買わない
y_: ｙ
y_: １００年買い続けても多分１階もマン馬券とれないわ
Kyoro: ｗｗｗｗｗｗｗｗｗｗｗ
komagata: <a href=""http://ameblo.jp/shibuya/entry-10184293635.html"">http://ameblo.jp/shibuya/entry-10184293635.html</a>
komagata: こいつとおれどっちがセンスあるの？
y_: おいおい
y_: こいつはしってんな
komagata: おきなめぐみの元旦那でCAの社長な上、万馬券5万買う現在スノボ中のこいつと、コスモバルク100円買った上に今年の仕事まだ終わってないおれ、どっちが勝ち組なの？
y_: ああ　愚問だな
y_: お前は勝ったよ
komagata: Yes
y_: もう良く戦った
y_: そろそろ休んでいいんだぞ
komagata: でも、おれがいまからおきな恵みと結婚する可能性も・・・？
y_: まぁ多分ビッグバンが起きる可能性よりはたけーんじゃね？
komagata: おれたちの戦いはまだはじまったばかりだ
y_: まぁまだこの長い男坂を登り始めたばかりだべ
komagata: dana</blockquote>","2008-12-31 02:12:00","2008-12-31 19:06:00"
"4029","CakePHP1.2 Stableリリースに赤さんが一言","<blockquote><a href=""http://bakery.cakephp.org/articles/view/the-gift-of-1-2-final"">The Gift of 1.2 final (Articles) | The Bakery, Everything CakePHP</a>

Today, the history of the CakePHP grows stronger. December 25, 2008 will be remembered as one of the most important points in this history. After exactly 2 yrs from the first development release, we can happily say we have the most stable and powerful web framework available. Please enjoy our big present to you, CakePHP 1.2 stable [1]. For this release, we have removed the test files from the build, and created a tag in SVN.</blockquote>

クリスマスにCakePHPの1.2がリリースされた。

1.1で作り始めたばかりの俺にとっては悪夢。

<a href=""http://serif.hatelabo.jp/7719ed43c30f762bfd10b74d958d185d26199924/f758ed1ddd3b7d40e7426a7b4c032971e1d52dcc""><img src=""http://serif.hatelabo.jp/images/cache/7719ed43c30f762bfd10b74d958d185d26199924/f758ed1ddd3b7d40e7426a7b4c032971e1d52dcc.gif"" border=0 alt=""年末持ち帰ったCakeアプ... - 赤さん - はてなセリフ"" /></a>

まさに外道。","2008-12-30 19:33:00","2008-12-30 19:43:55"
"4028","2008有馬記念","<a href=""http://www.flickr.com/photos/komagata/3148084202/"" title=""2008有馬記念 by komagata, on Flickr""><img src=""http://farm4.static.flickr.com/3134/3148084202_54e8b68e1a.jpg"" width=""375"" height=""500"" alt=""2008有馬記念"" /></a>

有馬記念負けたぞ馬鹿野郎！","2008-12-30 02:34:00","2008-12-30 02:34:43"
"4027","プログラマーとしての「嗜好」と「適正」から仕事を考える","<blockquote><a href=""http://blog.gijutsuya.jp/harajune/2008/12/24/hatena/"">迷走するはてな - 進・日進月歩</a>

注意してほしいのは、googleは「面白いもの」では決してないことに気をつけてほしい。言葉尻で遊んでるようにも思えるかもしれないが、googleが提供するのは「サービス」なのである。もう少し正確に言えば「ツール」である。</blockquote>

Webサービスを仕事にするにあたってこの点は重要だと思う。

Webサービスには「ツール」と「コンテンツ」がある。この二つは顧客が求める物も製作者の適正も激しく違う気がする。

「ツール」に求められるものは「便利」だ。
「コンテンツ」に求められるものは「オモシロ」だ。

僕個人の適正では、僕は「ツール」をやった方がいいのではないかと思っている。

ブルックスの<a href=""http://www.amazon.co.jp/exec/obidos/ASIN/4894716658/p0t-22/ref=nosim"">人月の神話</a>にある「プログラミングが何故面白いのか」の中から自分の嗜好を考えてみると、「他人の役に立つ物を作る」のが好きなのだ。要は「便利」が嬉しいのだ。

また、僕は子供の頃からゲームが大好きだったのだが、それだけに「コンテンツ」の世界でゲーム業界にまったく勝てる気がしない。

彼らは「何が面白いのか」をひたすら考えて鎬を削ってきた存在だ。

ユーザーインターフェースにしても、一つのゲーム毎にまったく新しいものを構築し続けてきている。

作り方（2D/3Dグラフィック、C、Flash）を覚えたからといって同じ土俵に上がれるとは到底思えない。

ネットワークの普及は「便利」にも「オモシロ」にも大きな影響を与えたが、僕自身は、嗜好・適正・技術から見るに「便利」に生かした方が良いのではないかと思う。

技術としてはLinux、LL、HTTP、モバイルなどが「便利」に役立ちそうなので更に勉強していかなくてはと思います。

<table><tr><td><a href=""http://www.amazon.co.jp/exec/obidos/ASIN/4894716658/p0t-22/ref=nosim""><img src=""http://ecx.images-amazon.com/images/I/51TWX1TAERL._SL160_.jpg"" width=""111"" height=""160"" alt=""人月の神話―狼人間を撃つ銀の弾はない (Professional computing series (別巻3))"" title=""人月の神話―狼人間を撃つ銀の弾はない (Professional computing series (別巻3))"" border=""0""/></a></td><td><ul><li><a href=""http://www.amazon.co.jp/exec/obidos/ASIN/4894716658/p0t-22/ref=nosim"">人月の神話―狼人間を撃つ銀の弾はない (Professional computing series (別巻3))</a></li><li>ピアソンエデュケーション(2002-11)</li><li>ピアソンエデュケーション</li><li>(原著)Frederick Phillips,Jr. Brooks</li><li>(翻訳)滝沢 徹</li><li>(翻訳)富沢 昇</li><li>(翻訳)牧野 祐子</li><li>定価：￥ 3,045</li><li>新品価格：￥ 3,045</li><li>中古価格：￥ 4,800</li><li>ASIN：4894716658</li></ul></td></tr></table>","2008-12-30 01:00:00","2008-12-30 02:03:11"
"4026","Creole終了のお知らせ","<blockquote><a href=""http://creole.phpdb.org/trac/"">Creole - Trac</a>

*The Creole Project is Dead*

Note: Creole is no longer being maintained.</blockquote>

ちょｗｗｗ、PHP5用のDB抽象レイヤーのCreoleが終了！？（via <a href=""http://d.hatena.ne.jp/shimooka/20081225/1230207985"">id:shimooka</a>）

Rails3の決断が早いっつー話があったけどOSS（特にLL系）は引き際も早いですなぁー。

ユーザーにとっては引き際早過ぎて嬉しいところ無しｗ

ぷろぺる（Propel）とかどーなんの？","2008-12-26 01:00:00","2008-12-26 01:07:49"
"4025","グリーンIT計画","<table><tr><td><a href=""http://www.amazon.co.jp/exec/obidos/ASIN/479811815X/p0t-22/ref=nosim""><img src=""http://ecx.images-amazon.com/images/I/51GxOk5QK%2BL._SL160_.jpg"" width=""113"" height=""160"" alt=""zsh最強シェル入門"" title=""zsh最強シェル入門"" border=""0""/></a></td><td><ul><li><a href=""http://www.amazon.co.jp/exec/obidos/ASIN/479811815X/p0t-22/ref=nosim"">zsh最強シェル入門</a></li><li>翔泳社(2008-12-04)</li><li>翔泳社</li><li>定価：￥ 2,520</li><li>新品価格：￥ 2,520</li><li>ASIN：479811815X</li></ul></td></tr></table>

zshの本買いました。zshはドキュメント探すの大変だから傍らにおいて置きたい本ですなー。

<a href=""http://www.flickr.com/photos/komagata/3135713474/"" title=""green prompt by komagata, on Flickr""><img src=""http://farm4.static.flickr.com/3223/3135713474_49be966b2d_o.png"" width=""547"" height=""388"" alt=""green prompt"" /></a>

とりあえず、プロンプト緑に替えてみた。

「ガチ鬱はグリーンITを推進しております。」","2008-12-26 00:47:00","2008-12-26 00:58:01"
